,ISOcode,Country,Country_WB
13,BHS,Bahamas,"Bahamas, The"
23,BOL,Bolivia (Plurinational State of),Bolivia
39,CHI,,Channel Islands
44,COD,Democratic Republic of the Congo,"Congo, Dem. Rep."
45,COG,Congo,"Congo, Rep."
47,CIV,Côte d’Ivoire,Cote d'Ivoire
50,CUW,Curaçao,Curacao
58,EGY,Egypt,"Egypt, Arab Rep."
71,GMB,Gambia,"Gambia, The"
86,HKG,"China, Hong Kong Special Administrative Region","Hong Kong SAR, China"
91,IRN,Iran (Islamic Republic of),"Iran, Islamic Rep."
103,PRK,Democratic People's Republic of Korea,"Korea, Dem. People's Rep."
104,KOR,Republic of Korea,"Korea, Rep."
105,XKX,,Kosovo
107,KGZ,Kyrgyzstan,Kyrgyz Republic
108,LAO,Lao People's Democratic Republic,Lao PDR
117,MAC,"China, Macao Special Administrative Region","Macao SAR, China"
128,FSM,Micronesia (Federated States of),"Micronesia, Fed. Sts."
129,MDA,Republic of Moldova,Moldova
139,NLD,Netherlands (Kingdom of the),Netherlands
173,SVK,Slovakia,Slovak Republic
181,KNA,Saint Kitts and Nevis,St. Kitts and Nevis
182,LCA,Saint Lucia,St. Lucia
183,MAF,Saint Martin (French Part),St. Martin (French part)
184,VCT,Saint Vincent and the Grenadines,St. Vincent and the Grenadines
191,TZA,United Republic of Tanzania,Tanzania
198,TUR,Türkiye,Turkiye
205,GBR,United Kingdom of Great Britain and Northern Ireland,United Kingdom
206,USA,United States of America,United States
210,VEN,Venezuela (Bolivarian Republic of),"Venezuela, RB"
212,VIR,United States Virgin Islands,Virgin Islands (U.S.)
213,PSE,State of Palestine,West Bank and Gaza
214,YEM,Yemen,"Yemen, Rep."
217,AFE,,Africa Eastern and Southern
218,AFW,,Africa Western and Central
219,ARB,,Arab World
220,CSS,,Caribbean small states
221,CEB,,Central Europe and the Baltics
222,EAR,,Early-demographic dividend
223,EAS,,East Asia & Pacific
224,EAP,,East Asia & Pacific (excluding high income)
225,TEA,,East Asia & Pacific (IDA & IBRD countries)
226,EMU,,Euro area
227,ECS,,Europe & Central Asia
228,ECA,,Europe & Central Asia (excluding high income)
229,TEC,,Europe & Central Asia (IDA & IBRD countries)
230,EUU,,European Union
231,FCS,,Fragile and conflict affected situations
232,HPC,,Heavily indebted poor countries (HIPC)
233,HIC,,High income
234,IBD,,IBRD only
235,IBT,,IDA & IBRD total
236,IDB,,IDA blend
237,IDX,,IDA only
238,IDA,,IDA total
239,LTE,,Late-demographic dividend
240,LCN,,Latin America & Caribbean
241,LAC,,Latin America & Caribbean (excluding high income)
242,TLA,,Latin America & the Caribbean (IDA & IBRD countries)
243,LDC,,Least developed countries: UN classification
244,LMY,,Low & middle income
245,LIC,,Low income
246,LMC,,Lower middle income
247,MEA,,Middle East & North Africa
248,MNA,,Middle East & North Africa (excluding high income)
249,TMN,,Middle East & North Africa (IDA & IBRD countries)
250,MIC,,Middle income
251,NAC,,North America
252,INX,,Not classified
253,OED,,OECD members
254,OSS,,Other small states
255,PSS,,Pacific island small states
256,PST,,Post-demographic dividend
257,PRE,,Pre-demographic dividend
258,SST,,Small states
259,SAS,,South Asia
260,TSA,,South Asia (IDA & IBRD)
261,SSF,,Sub-Saharan Africa
262,SSA,,Sub-Saharan Africa (excluding high income)
263,TSS,,Sub-Saharan Africa (IDA & IBRD countries)
264,UMC,,Upper middle income
265,WLD,,World
279,BHS,Bahamas,"Bahamas, The"
289,BOL,Bolivia (Plurinational State of),Bolivia
305,CHI,,Channel Islands
310,COD,Democratic Republic of the Congo,"Congo, Dem. Rep."
311,COG,Congo,"Congo, Rep."
313,CIV,Côte d’Ivoire,Cote d'Ivoire
316,CUW,Curaçao,Curacao
324,EGY,Egypt,"Egypt, Arab Rep."
337,GMB,Gambia,"Gambia, The"
352,HKG,"China, Hong Kong Special Administrative Region","Hong Kong SAR, China"
357,IRN,Iran (Islamic Republic of),"Iran, Islamic Rep."
369,PRK,Democratic People's Republic of Korea,"Korea, Dem. People's Rep."
370,KOR,Republic of Korea,"Korea, Rep."
371,XKX,,Kosovo
373,KGZ,Kyrgyzstan,Kyrgyz Republic
374,LAO,Lao People's Democratic Republic,Lao PDR
383,MAC,"China, Macao Special Administrative Region","Macao SAR, China"
394,FSM,Micronesia (Federated States of),"Micronesia, Fed. Sts."
395,MDA,Republic of Moldova,Moldova
405,NLD,Netherlands (Kingdom of the),Netherlands
439,SVK,Slovakia,Slovak Republic
447,KNA,Saint Kitts and Nevis,St. Kitts and Nevis
448,LCA,Saint Lucia,St. Lucia
449,MAF,Saint Martin (French Part),St. Martin (French part)
450,VCT,Saint Vincent and the Grenadines,St. Vincent and the Grenadines
457,TZA,United Republic of Tanzania,Tanzania
464,TUR,Türkiye,Turkiye
471,GBR,United Kingdom of Great Britain and Northern Ireland,United Kingdom
472,USA,United States of America,United States
476,VEN,Venezuela (Bolivarian Republic of),"Venezuela, RB"
478,VIR,United States Virgin Islands,Virgin Islands (U.S.)
479,PSE,State of Palestine,West Bank and Gaza
480,YEM,Yemen,"Yemen, Rep."
483,AFE,,Africa Eastern and Southern
484,AFW,,Africa Western and Central
485,ARB,,Arab World
486,CSS,,Caribbean small states
487,CEB,,Central Europe and the Baltics
488,EAR,,Early-demographic dividend
489,EAS,,East Asia & Pacific
490,EAP,,East Asia & Pacific (excluding high income)
491,TEA,,East Asia & Pacific (IDA & IBRD countries)
492,EMU,,Euro area
493,ECS,,Europe & Central Asia
494,ECA,,Europe & Central Asia (excluding high income)
495,TEC,,Europe & Central Asia (IDA & IBRD countries)
496,EUU,,European Union
497,FCS,,Fragile and conflict affected situations
498,HPC,,Heavily indebted poor countries (HIPC)
499,HIC,,High income
500,IBD,,IBRD only
501,IBT,,IDA & IBRD total
502,IDB,,IDA blend
503,IDX,,IDA only
504,IDA,,IDA total
505,LTE,,Late-demographic dividend
506,LCN,,Latin America & Caribbean
507,LAC,,Latin America & Caribbean (excluding high income)
508,TLA,,Latin America & the Caribbean (IDA & IBRD countries)
509,LDC,,Least developed countries: UN classification
510,LMY,,Low & middle income
511,LIC,,Low income
512,LMC,,Lower middle income
513,MEA,,Middle East & North Africa
514,MNA,,Middle East & North Africa (excluding high income)
515,TMN,,Middle East & North Africa (IDA & IBRD countries)
516,MIC,,Middle income
517,NAC,,North America
518,INX,,Not classified
519,OED,,OECD members
520,OSS,,Other small states
521,PSS,,Pacific island small states
522,PST,,Post-demographic dividend
523,PRE,,Pre-demographic dividend
524,SST,,Small states
525,SAS,,South Asia
526,TSA,,South Asia (IDA & IBRD)
527,SSF,,Sub-Saharan Africa
528,SSA,,Sub-Saharan Africa (excluding high income)
529,TSS,,Sub-Saharan Africa (IDA & IBRD countries)
530,UMC,,Upper middle income
531,WLD,,World
545,BHS,Bahamas,"Bahamas, The"
555,BOL,Bolivia (Plurinational State of),Bolivia
571,CHI,,Channel Islands
576,COD,Democratic Republic of the Congo,"Congo, Dem. Rep."
577,COG,Congo,"Congo, Rep."
579,CIV,Côte d’Ivoire,Cote d'Ivoire
582,CUW,Curaçao,Curacao
590,EGY,Egypt,"Egypt, Arab Rep."
603,GMB,Gambia,"Gambia, The"
618,HKG,"China, Hong Kong Special Administrative Region","Hong Kong SAR, China"
623,IRN,Iran (Islamic Republic of),"Iran, Islamic Rep."
635,PRK,Democratic People's Republic of Korea,"Korea, Dem. People's Rep."
636,KOR,Republic of Korea,"Korea, Rep."
637,XKX,,Kosovo
639,KGZ,Kyrgyzstan,Kyrgyz Republic
640,LAO,Lao People's Democratic Republic,Lao PDR
649,MAC,"China, Macao Special Administrative Region","Macao SAR, China"
660,FSM,Micronesia (Federated States of),"Micronesia, Fed. Sts."
661,MDA,Republic of Moldova,Moldova
671,NLD,Netherlands (Kingdom of the),Netherlands
705,SVK,Slovakia,Slovak Republic
713,KNA,Saint Kitts and Nevis,St. Kitts and Nevis
714,LCA,Saint Lucia,St. Lucia
715,MAF,Saint Martin (French Part),St. Martin (French part)
716,VCT,Saint Vincent and the Grenadines,St. Vincent and the Grenadines
723,TZA,United Republic of Tanzania,Tanzania
730,TUR,Türkiye,Turkiye
737,GBR,United Kingdom of Great Britain and Northern Ireland,United Kingdom
738,USA,United States of America,United States
742,VEN,Venezuela (Bolivarian Republic of),"Venezuela, RB"
744,VIR,United States Virgin Islands,Virgin Islands (U.S.)
745,PSE,State of Palestine,West Bank and Gaza
746,YEM,Yemen,"Yemen, Rep."
749,AFE,,Africa Eastern and Southern
750,AFW,,Africa Western and Central
751,ARB,,Arab World
752,CSS,,Caribbean small states
753,CEB,,Central Europe and the Baltics
754,EAR,,Early-demographic dividend
755,EAS,,East Asia & Pacific
756,EAP,,East Asia & Pacific (excluding high income)
757,TEA,,East Asia & Pacific (IDA & IBRD countries)
758,EMU,,Euro area
759,ECS,,Europe & Central Asia
760,ECA,,Europe & Central Asia (excluding high income)
761,TEC,,Europe & Central Asia (IDA & IBRD countries)
762,EUU,,European Union
763,FCS,,Fragile and conflict affected situations
764,HPC,,Heavily indebted poor countries (HIPC)
765,HIC,,High income
766,IBD,,IBRD only
767,IBT,,IDA & IBRD total
768,IDB,,IDA blend
769,IDX,,IDA only
770,IDA,,IDA total
771,LTE,,Late-demographic dividend
772,LCN,,Latin America & Caribbean
773,LAC,,Latin America & Caribbean (excluding high income)
774,TLA,,Latin America & the Caribbean (IDA & IBRD countries)
775,LDC,,Least developed countries: UN classification
776,LMY,,Low & middle income
777,LIC,,Low income
778,LMC,,Lower middle income
779,MEA,,Middle East & North Africa
780,MNA,,Middle East & North Africa (excluding high income)
781,TMN,,Middle East & North Africa (IDA & IBRD countries)
782,MIC,,Middle income
783,NAC,,North America
784,INX,,Not classified
785,OED,,OECD members
786,OSS,,Other small states
787,PSS,,Pacific island small states
788,PST,,Post-demographic dividend
789,PRE,,Pre-demographic dividend
790,SST,,Small states
791,SAS,,South Asia
792,TSA,,South Asia (IDA & IBRD)
793,SSF,,Sub-Saharan Africa
794,SSA,,Sub-Saharan Africa (excluding high income)
795,TSS,,Sub-Saharan Africa (IDA & IBRD countries)
796,UMC,,Upper middle income
797,WLD,,World
811,BHS,Bahamas,"Bahamas, The"
821,BOL,Bolivia (Plurinational State of),Bolivia
837,CHI,,Channel Islands
842,COD,Democratic Republic of the Congo,"Congo, Dem. Rep."
843,COG,Congo,"Congo, Rep."
845,CIV,Côte d’Ivoire,Cote d'Ivoire
848,CUW,Curaçao,Curacao
856,EGY,Egypt,"Egypt, Arab Rep."
869,GMB,Gambia,"Gambia, The"
884,HKG,"China, Hong Kong Special Administrative Region","Hong Kong SAR, China"
889,IRN,Iran (Islamic Republic of),"Iran, Islamic Rep."
901,PRK,Democratic People's Republic of Korea,"Korea, Dem. People's Rep."
902,KOR,Republic of Korea,"Korea, Rep."
903,XKX,,Kosovo
905,KGZ,Kyrgyzstan,Kyrgyz Republic
906,LAO,Lao People's Democratic Republic,Lao PDR
915,MAC,"China, Macao Special Administrative Region","Macao SAR, China"
926,FSM,Micronesia (Federated States of),"Micronesia, Fed. Sts."
927,MDA,Republic of Moldova,Moldova
937,NLD,Netherlands (Kingdom of the),Netherlands
971,SVK,Slovakia,Slovak Republic
979,KNA,Saint Kitts and Nevis,St. Kitts and Nevis
980,LCA,Saint Lucia,St. Lucia
981,MAF,Saint Martin (French Part),St. Martin (French part)
982,VCT,Saint Vincent and the Grenadines,St. Vincent and the Grenadines
989,TZA,United Republic of Tanzania,Tanzania
996,TUR,Türkiye,Turkiye
1003,GBR,United Kingdom of Great Britain and Northern Ireland,United Kingdom
1004,USA,United States of America,United States
1008,VEN,Venezuela (Bolivarian Republic of),"Venezuela, RB"
1010,VIR,United States Virgin Islands,Virgin Islands (U.S.)
1011,PSE,State of Palestine,West Bank and Gaza
1012,YEM,Yemen,"Yemen, Rep."
1015,AFE,,Africa Eastern and Southern
1016,AFW,,Africa Western and Central
1017,ARB,,Arab World
1018,CSS,,Caribbean small states
1019,CEB,,Central Europe and the Baltics
1020,EAR,,Early-demographic dividend
1021,EAS,,East Asia & Pacific
1022,EAP,,East Asia & Pacific (excluding high income)
1023,TEA,,East Asia & Pacific (IDA & IBRD countries)
1024,EMU,,Euro area
1025,ECS,,Europe & Central Asia
1026,ECA,,Europe & Central Asia (excluding high income)
1027,TEC,,Europe & Central Asia (IDA & IBRD countries)
1028,EUU,,European Union
1029,FCS,,Fragile and conflict affected situations
1030,HPC,,Heavily indebted poor countries (HIPC)
1031,HIC,,High income
1032,IBD,,IBRD only
1033,IBT,,IDA & IBRD total
1034,IDB,,IDA blend
1035,IDX,,IDA only
1036,IDA,,IDA total
1037,LTE,,Late-demographic dividend
1038,LCN,,Latin America & Caribbean
1039,LAC,,Latin America & Caribbean (excluding high income)
1040,TLA,,Latin America & the Caribbean (IDA & IBRD countries)
1041,LDC,,Least developed countries: UN classification
1042,LMY,,Low & middle income
1043,LIC,,Low income
1044,LMC,,Lower middle income
1045,MEA,,Middle East & North Africa
1046,MNA,,Middle East & North Africa (excluding high income)
1047,TMN,,Middle East & North Africa (IDA & IBRD countries)
1048,MIC,,Middle income
1049,NAC,,North America
1050,INX,,Not classified
1051,OED,,OECD members
1052,OSS,,Other small states
1053,PSS,,Pacific island small states
1054,PST,,Post-demographic dividend
1055,PRE,,Pre-demographic dividend
1056,SST,,Small states
1057,SAS,,South Asia
1058,TSA,,South Asia (IDA & IBRD)
1059,SSF,,Sub-Saharan Africa
1060,SSA,,Sub-Saharan Africa (excluding high income)
1061,TSS,,Sub-Saharan Africa (IDA & IBRD countries)
1062,UMC,,Upper middle income
1063,WLD,,World
1077,BHS,Bahamas,"Bahamas, The"
1087,BOL,Bolivia (Plurinational State of),Bolivia
1103,CHI,,Channel Islands
1108,COD,Democratic Republic of the Congo,"Congo, Dem. Rep."
1109,COG,Congo,"Congo, Rep."
1111,CIV,Côte d’Ivoire,Cote d'Ivoire
1114,CUW,Curaçao,Curacao
1122,EGY,Egypt,"Egypt, Arab Rep."
1135,GMB,Gambia,"Gambia, The"
1150,HKG,"China, Hong Kong Special Administrative Region","Hong Kong SAR, China"
1155,IRN,Iran (Islamic Republic of),"Iran, Islamic Rep."
1167,PRK,Democratic People's Republic of Korea,"Korea, Dem. People's Rep."
1168,KOR,Republic of Korea,"Korea, Rep."
1169,XKX,,Kosovo
1171,KGZ,Kyrgyzstan,Kyrgyz Republic
1172,LAO,Lao People's Democratic Republic,Lao PDR
1181,MAC,"China, Macao Special Administrative Region","Macao SAR, China"
1192,FSM,Micronesia (Federated States of),"Micronesia, Fed. Sts."
1193,MDA,Republic of Moldova,Moldova
1203,NLD,Netherlands (Kingdom of the),Netherlands
1237,SVK,Slovakia,Slovak Republic
1245,KNA,Saint Kitts and Nevis,St. Kitts and Nevis
1246,LCA,Saint Lucia,St. Lucia
1247,MAF,Saint Martin (French Part),St. Martin (French part)
1248,VCT,Saint Vincent and the Grenadines,St. Vincent and the Grenadines
1255,TZA,United Republic of Tanzania,Tanzania
1262,TUR,Türkiye,Turkiye
1269,GBR,United Kingdom of Great Britain and Northern Ireland,United Kingdom
1270,USA,United States of America,United States
1274,VEN,Venezuela (Bolivarian Republic of),"Venezuela, RB"
1276,VIR,United States Virgin Islands,Virgin Islands (U.S.)
1277,PSE,State of Palestine,West Bank and Gaza
1278,YEM,Yemen,"Yemen, Rep."
1281,AFE,,Africa Eastern and Southern
1282,AFW,,Africa Western and Central
1283,ARB,,Arab World
1284,CSS,,Caribbean small states
1285,CEB,,Central Europe and the Baltics
1286,EAR,,Early-demographic dividend
1287,EAS,,East Asia & Pacific
1288,EAP,,East Asia & Pacific (excluding high income)
1289,TEA,,East Asia & Pacific (IDA & IBRD countries)
1290,EMU,,Euro area
1291,ECS,,Europe & Central Asia
1292,ECA,,Europe & Central Asia (excluding high income)
1293,TEC,,Europe & Central Asia (IDA & IBRD countries)
1294,EUU,,European Union
1295,FCS,,Fragile and conflict affected situations
1296,HPC,,Heavily indebted poor countries (HIPC)
1297,HIC,,High income
1298,IBD,,IBRD only
1299,IBT,,IDA & IBRD total
1300,IDB,,IDA blend
1301,IDX,,IDA only
1302,IDA,,IDA total
1303,LTE,,Late-demographic dividend
1304,LCN,,Latin America & Caribbean
1305,LAC,,Latin America & Caribbean (excluding high income)
1306,TLA,,Latin America & the Caribbean (IDA & IBRD countries)
1307,LDC,,Least developed countries: UN classification
1308,LMY,,Low & middle income
1309,LIC,,Low income
1310,LMC,,Lower middle income
1311,MEA,,Middle East & North Africa
1312,MNA,,Middle East & North Africa (excluding high income)
1313,TMN,,Middle East & North Africa (IDA & IBRD countries)
1314,MIC,,Middle income
1315,NAC,,North America
1316,INX,,Not classified
1317,OED,,OECD members
1318,OSS,,Other small states
1319,PSS,,Pacific island small states
1320,PST,,Post-demographic dividend
1321,PRE,,Pre-demographic dividend
1322,SST,,Small states
1323,SAS,,South Asia
1324,TSA,,South Asia (IDA & IBRD)
1325,SSF,,Sub-Saharan Africa
1326,SSA,,Sub-Saharan Africa (excluding high income)
1327,TSS,,Sub-Saharan Africa (IDA & IBRD countries)
1328,UMC,,Upper middle income
1329,WLD,,World
1343,BHS,Bahamas,"Bahamas, The"
1353,BOL,Bolivia (Plurinational State of),Bolivia
1369,CHI,,Channel Islands
1374,COD,Democratic Republic of the Congo,"Congo, Dem. Rep."
1375,COG,Congo,"Congo, Rep."
1377,CIV,Côte d’Ivoire,Cote d'Ivoire
1380,CUW,Curaçao,Curacao
1388,EGY,Egypt,"Egypt, Arab Rep."
1401,GMB,Gambia,"Gambia, The"
1416,HKG,"China, Hong Kong Special Administrative Region","Hong Kong SAR, China"
1421,IRN,Iran (Islamic Republic of),"Iran, Islamic Rep."
1433,PRK,Democratic People's Republic of Korea,"Korea, Dem. People's Rep."
1434,KOR,Republic of Korea,"Korea, Rep."
1435,XKX,,Kosovo
1437,KGZ,Kyrgyzstan,Kyrgyz Republic
1438,LAO,Lao People's Democratic Republic,Lao PDR
1447,MAC,"China, Macao Special Administrative Region","Macao SAR, China"
1458,FSM,Micronesia (Federated States of),"Micronesia, Fed. Sts."
1459,MDA,Republic of Moldova,Moldova
1469,NLD,Netherlands (Kingdom of the),Netherlands
1503,SVK,Slovakia,Slovak Republic
1511,KNA,Saint Kitts and Nevis,St. Kitts and Nevis
1512,LCA,Saint Lucia,St. Lucia
1513,MAF,Saint Martin (French Part),St. Martin (French part)
1514,VCT,Saint Vincent and the Grenadines,St. Vincent and the Grenadines
1521,TZA,United Republic of Tanzania,Tanzania
1528,TUR,Türkiye,Turkiye
1535,GBR,United Kingdom of Great Britain and Northern Ireland,United Kingdom
1536,USA,United States of America,United States
1540,VEN,Venezuela (Bolivarian Republic of),"Venezuela, RB"
1542,VIR,United States Virgin Islands,Virgin Islands (U.S.)
1543,PSE,State of Palestine,West Bank and Gaza
1544,YEM,Yemen,"Yemen, Rep."
1547,AFE,,Africa Eastern and Southern
1548,AFW,,Africa Western and Central
1549,ARB,,Arab World
1550,CSS,,Caribbean small states
1551,CEB,,Central Europe and the Baltics
1552,EAR,,Early-demographic dividend
1553,EAS,,East Asia & Pacific
1554,EAP,,East Asia & Pacific (excluding high income)
1555,TEA,,East Asia & Pacific (IDA & IBRD countries)
1556,EMU,,Euro area
1557,ECS,,Europe & Central Asia
1558,ECA,,Europe & Central Asia (excluding high income)
1559,TEC,,Europe & Central Asia (IDA & IBRD countries)
1560,EUU,,European Union
1561,FCS,,Fragile and conflict affected situations
1562,HPC,,Heavily indebted poor countries (HIPC)
1563,HIC,,High income
1564,IBD,,IBRD only
1565,IBT,,IDA & IBRD total
1566,IDB,,IDA blend
1567,IDX,,IDA only
1568,IDA,,IDA total
1569,LTE,,Late-demographic dividend
1570,LCN,,Latin America & Caribbean
1571,LAC,,Latin America & Caribbean (excluding high income)
1572,TLA,,Latin America & the Caribbean (IDA & IBRD countries)
1573,LDC,,Least developed countries: UN classification
1574,LMY,,Low & middle income
1575,LIC,,Low income
1576,LMC,,Lower middle income
1577,MEA,,Middle East & North Africa
1578,MNA,,Middle East & North Africa (excluding high income)
1579,TMN,,Middle East & North Africa (IDA & IBRD countries)
1580,MIC,,Middle income
1581,NAC,,North America
1582,INX,,Not classified
1583,OED,,OECD members
1584,OSS,,Other small states
1585,PSS,,Pacific island small states
1586,PST,,Post-demographic dividend
1587,PRE,,Pre-demographic dividend
1588,SST,,Small states
1589,SAS,,South Asia
1590,TSA,,South Asia (IDA & IBRD)
1591,SSF,,Sub-Saharan Africa
1592,SSA,,Sub-Saharan Africa (excluding high income)
1593,TSS,,Sub-Saharan Africa (IDA & IBRD countries)
1594,UMC,,Upper middle income
1595,WLD,,World
1609,BHS,Bahamas,"Bahamas, The"
1619,BOL,Bolivia (Plurinational State of),Bolivia
1635,CHI,,Channel Islands
1640,COD,Democratic Republic of the Congo,"Congo, Dem. Rep."
1641,COG,Congo,"Congo, Rep."
1643,CIV,Côte d’Ivoire,Cote d'Ivoire
1646,CUW,Curaçao,Curacao
1654,EGY,Egypt,"Egypt, Arab Rep."
1667,GMB,Gambia,"Gambia, The"
1682,HKG,"China, Hong Kong Special Administrative Region","Hong Kong SAR, China"
1687,IRN,Iran (Islamic Republic of),"Iran, Islamic Rep."
1699,PRK,Democratic People's Republic of Korea,"Korea, Dem. People's Rep."
1700,KOR,Republic of Korea,"Korea, Rep."
1701,XKX,,Kosovo
1703,KGZ,Kyrgyzstan,Kyrgyz Republic
1704,LAO,Lao People's Democratic Republic,Lao PDR
1713,MAC,"China, Macao Special Administrative Region","Macao SAR, China"
1724,FSM,Micronesia (Federated States of),"Micronesia, Fed. Sts."
1725,MDA,Republic of Moldova,Moldova
1735,NLD,Netherlands (Kingdom of the),Netherlands
1769,SVK,Slovakia,Slovak Republic
1777,KNA,Saint Kitts and Nevis,St. Kitts and Nevis
1778,LCA,Saint Lucia,St. Lucia
1779,MAF,Saint Martin (French Part),St. Martin (French part)
1780,VCT,Saint Vincent and the Grenadines,St. Vincent and the Grenadines
1787,TZA,United Republic of Tanzania,Tanzania
1794,TUR,Türkiye,Turkiye
1801,GBR,United Kingdom of Great Britain and Northern Ireland,United Kingdom
1802,USA,United States of America,United States
1806,VEN,Venezuela (Bolivarian Republic of),"Venezuela, RB"
1808,VIR,United States Virgin Islands,Virgin Islands (U.S.)
1809,PSE,State of Palestine,West Bank and Gaza
1810,YEM,Yemen,"Yemen, Rep."
1813,AFE,,Africa Eastern and Southern
1814,AFW,,Africa Western and Central
1815,ARB,,Arab World
1816,CSS,,Caribbean small states
1817,CEB,,Central Europe and the Baltics
1818,EAR,,Early-demographic dividend
1819,EAS,,East Asia & Pacific
1820,EAP,,East Asia & Pacific (excluding high income)
1821,TEA,,East Asia & Pacific (IDA & IBRD countries)
1822,EMU,,Euro area
1823,ECS,,Europe & Central Asia
1824,ECA,,Europe & Central Asia (excluding high income)
1825,TEC,,Europe & Central Asia (IDA & IBRD countries)
1826,EUU,,European Union
1827,FCS,,Fragile and conflict affected situations
1828,HPC,,Heavily indebted poor countries (HIPC)
1829,HIC,,High income
1830,IBD,,IBRD only
1831,IBT,,IDA & IBRD total
1832,IDB,,IDA blend
1833,IDX,,IDA only
1834,IDA,,IDA total
1835,LTE,,Late-demographic dividend
1836,LCN,,Latin America & Caribbean
1837,LAC,,Latin America & Caribbean (excluding high income)
1838,TLA,,Latin America & the Caribbean (IDA & IBRD countries)
1839,LDC,,Least developed countries: UN classification
1840,LMY,,Low & middle income
1841,LIC,,Low income
1842,LMC,,Lower middle income
1843,MEA,,Middle East & North Africa
1844,MNA,,Middle East & North Africa (excluding high income)
1845,TMN,,Middle East & North Africa (IDA & IBRD countries)
1846,MIC,,Middle income
1847,NAC,,North America
1848,INX,,Not classified
1849,OED,,OECD members
1850,OSS,,Other small states
1851,PSS,,Pacific island small states
1852,PST,,Post-demographic dividend
1853,PRE,,Pre-demographic dividend
1854,SST,,Small states
1855,SAS,,South Asia
1856,TSA,,South Asia (IDA & IBRD)
1857,SSF,,Sub-Saharan Africa
1858,SSA,,Sub-Saharan Africa (excluding high income)
1859,TSS,,Sub-Saharan Africa (IDA & IBRD countries)
1860,UMC,,Upper middle income
1861,WLD,,World
1875,BHS,Bahamas,"Bahamas, The"
1885,BOL,Bolivia (Plurinational State of),Bolivia
1901,CHI,,Channel Islands
1906,COD,Democratic Republic of the Congo,"Congo, Dem. Rep."
1907,COG,Congo,"Congo, Rep."
1909,CIV,Côte d’Ivoire,Cote d'Ivoire
1912,CUW,Curaçao,Curacao
1920,EGY,Egypt,"Egypt, Arab Rep."
1933,GMB,Gambia,"Gambia, The"
1948,HKG,"China, Hong Kong Special Administrative Region","Hong Kong SAR, China"
1953,IRN,Iran (Islamic Republic of),"Iran, Islamic Rep."
1965,PRK,Democratic People's Republic of Korea,"Korea, Dem. People's Rep."
1966,KOR,Republic of Korea,"Korea, Rep."
1967,XKX,,Kosovo
1969,KGZ,Kyrgyzstan,Kyrgyz Republic
1970,LAO,Lao People's Democratic Republic,Lao PDR
1979,MAC,"China, Macao Special Administrative Region","Macao SAR, China"
1990,FSM,Micronesia (Federated States of),"Micronesia, Fed. Sts."
1991,MDA,Republic of Moldova,Moldova
2001,NLD,Netherlands (Kingdom of the),Netherlands
2035,SVK,Slovakia,Slovak Republic
2043,KNA,Saint Kitts and Nevis,St. Kitts and Nevis
2044,LCA,Saint Lucia,St. Lucia
2045,MAF,Saint Martin (French Part),St. Martin (French part)
2046,VCT,Saint Vincent and the Grenadines,St. Vincent and the Grenadines
2053,TZA,United Republic of Tanzania,Tanzania
2060,TUR,Türkiye,Turkiye
2067,GBR,United Kingdom of Great Britain and Northern Ireland,United Kingdom
2068,USA,United States of America,United States
2072,VEN,Venezuela (Bolivarian Republic of),"Venezuela, RB"
2074,VIR,United States Virgin Islands,Virgin Islands (U.S.)
2075,PSE,State of Palestine,West Bank and Gaza
2076,YEM,Yemen,"Yemen, Rep."
2079,AFE,,Africa Eastern and Southern
2080,AFW,,Africa Western and Central
2081,ARB,,Arab World
2082,CSS,,Caribbean small states
2083,CEB,,Central Europe and the Baltics
2084,EAR,,Early-demographic dividend
2085,EAS,,East Asia & Pacific
2086,EAP,,East Asia & Pacific (excluding high income)
2087,TEA,,East Asia & Pacific (IDA & IBRD countries)
2088,EMU,,Euro area
2089,ECS,,Europe & Central Asia
2090,ECA,,Europe & Central Asia (excluding high income)
2091,TEC,,Europe & Central Asia (IDA & IBRD countries)
2092,EUU,,European Union
2093,FCS,,Fragile and conflict affected situations
2094,HPC,,Heavily indebted poor countries (HIPC)
2095,HIC,,High income
2096,IBD,,IBRD only
2097,IBT,,IDA & IBRD total
2098,IDB,,IDA blend
2099,IDX,,IDA only
2100,IDA,,IDA total
2101,LTE,,Late-demographic dividend
2102,LCN,,Latin America & Caribbean
2103,LAC,,Latin America & Caribbean (excluding high income)
2104,TLA,,Latin America & the Caribbean (IDA & IBRD countries)
2105,LDC,,Least developed countries: UN classification
2106,LMY,,Low & middle income
2107,LIC,,Low income
2108,LMC,,Lower middle income
2109,MEA,,Middle East & North Africa
2110,MNA,,Middle East & North Africa (excluding high income)
2111,TMN,,Middle East & North Africa (IDA & IBRD countries)
2112,MIC,,Middle income
2113,NAC,,North America
2114,INX,,Not classified
2115,OED,,OECD members
2116,OSS,,Other small states
2117,PSS,,Pacific island small states
2118,PST,,Post-demographic dividend
2119,PRE,,Pre-demographic dividend
2120,SST,,Small states
2121,SAS,,South Asia
2122,TSA,,South Asia (IDA & IBRD)
2123,SSF,,Sub-Saharan Africa
2124,SSA,,Sub-Saharan Africa (excluding high income)
2125,TSS,,Sub-Saharan Africa (IDA & IBRD countries)
2126,UMC,,Upper middle income
2127,WLD,,World
2141,BHS,Bahamas,"Bahamas, The"
2151,BOL,Bolivia (Plurinational State of),Bolivia
2167,CHI,,Channel Islands
2172,COD,Democratic Republic of the Congo,"Congo, Dem. Rep."
2173,COG,Congo,"Congo, Rep."
2175,CIV,Côte d’Ivoire,Cote d'Ivoire
2178,CUW,Curaçao,Curacao
2186,EGY,Egypt,"Egypt, Arab Rep."
2199,GMB,Gambia,"Gambia, The"
2214,HKG,"China, Hong Kong Special Administrative Region","Hong Kong SAR, China"
2219,IRN,Iran (Islamic Republic of),"Iran, Islamic Rep."
2231,PRK,Democratic People's Republic of Korea,"Korea, Dem. People's Rep."
2232,KOR,Republic of Korea,"Korea, Rep."
2233,XKX,,Kosovo
2235,KGZ,Kyrgyzstan,Kyrgyz Republic
2236,LAO,Lao People's Democratic Republic,Lao PDR
2245,MAC,"China, Macao Special Administrative Region","Macao SAR, China"
2256,FSM,Micronesia (Federated States of),"Micronesia, Fed. Sts."
2257,MDA,Republic of Moldova,Moldova
2267,NLD,Netherlands (Kingdom of the),Netherlands
2301,SVK,Slovakia,Slovak Republic
2309,KNA,Saint Kitts and Nevis,St. Kitts and Nevis
2310,LCA,Saint Lucia,St. Lucia
2311,MAF,Saint Martin (French Part),St. Martin (French part)
2312,VCT,Saint Vincent and the Grenadines,St. Vincent and the Grenadines
2319,TZA,United Republic of Tanzania,Tanzania
2326,TUR,Türkiye,Turkiye
2333,GBR,United Kingdom of Great Britain and Northern Ireland,United Kingdom
2334,USA,United States of America,United States
2338,VEN,Venezuela (Bolivarian Republic of),"Venezuela, RB"
2340,VIR,United States Virgin Islands,Virgin Islands (U.S.)
2341,PSE,State of Palestine,West Bank and Gaza
2342,YEM,Yemen,"Yemen, Rep."
2345,AFE,,Africa Eastern and Southern
2346,AFW,,Africa Western and Central
2347,ARB,,Arab World
2348,CSS,,Caribbean small states
2349,CEB,,Central Europe and the Baltics
2350,EAR,,Early-demographic dividend
2351,EAS,,East Asia & Pacific
2352,EAP,,East Asia & Pacific (excluding high income)
2353,TEA,,East Asia & Pacific (IDA & IBRD countries)
2354,EMU,,Euro area
2355,ECS,,Europe & Central Asia
2356,ECA,,Europe & Central Asia (excluding high income)
2357,TEC,,Europe & Central Asia (IDA & IBRD countries)
2358,EUU,,European Union
2359,FCS,,Fragile and conflict affected situations
2360,HPC,,Heavily indebted poor countries (HIPC)
2361,HIC,,High income
2362,IBD,,IBRD only
2363,IBT,,IDA & IBRD total
2364,IDB,,IDA blend
2365,IDX,,IDA only
2366,IDA,,IDA total
2367,LTE,,Late-demographic dividend
2368,LCN,,Latin America & Caribbean
2369,LAC,,Latin America & Caribbean (excluding high income)
2370,TLA,,Latin America & the Caribbean (IDA & IBRD countries)
2371,LDC,,Least developed countries: UN classification
2372,LMY,,Low & middle income
2373,LIC,,Low income
2374,LMC,,Lower middle income
2375,MEA,,Middle East & North Africa
2376,MNA,,Middle East & North Africa (excluding high income)
2377,TMN,,Middle East & North Africa (IDA & IBRD countries)
2378,MIC,,Middle income
2379,NAC,,North America
2380,INX,,Not classified
2381,OED,,OECD members
2382,OSS,,Other small states
2383,PSS,,Pacific island small states
2384,PST,,Post-demographic dividend
2385,PRE,,Pre-demographic dividend
2386,SST,,Small states
2387,SAS,,South Asia
2388,TSA,,South Asia (IDA & IBRD)
2389,SSF,,Sub-Saharan Africa
2390,SSA,,Sub-Saharan Africa (excluding high income)
2391,TSS,,Sub-Saharan Africa (IDA & IBRD countries)
2392,UMC,,Upper middle income
2393,WLD,,World
2407,BHS,Bahamas,"Bahamas, The"
2417,BOL,Bolivia (Plurinational State of),Bolivia
2433,CHI,,Channel Islands
2438,COD,Democratic Republic of the Congo,"Congo, Dem. Rep."
2439,COG,Congo,"Congo, Rep."
2441,CIV,Côte d’Ivoire,Cote d'Ivoire
2444,CUW,Curaçao,Curacao
2452,EGY,Egypt,"Egypt, Arab Rep."
2465,GMB,Gambia,"Gambia, The"
2480,HKG,"China, Hong Kong Special Administrative Region","Hong Kong SAR, China"
2485,IRN,Iran (Islamic Republic of),"Iran, Islamic Rep."
2497,PRK,Democratic People's Republic of Korea,"Korea, Dem. People's Rep."
2498,KOR,Republic of Korea,"Korea, Rep."
2499,XKX,,Kosovo
2501,KGZ,Kyrgyzstan,Kyrgyz Republic
2502,LAO,Lao People's Democratic Republic,Lao PDR
2511,MAC,"China, Macao Special Administrative Region","Macao SAR, China"
2522,FSM,Micronesia (Federated States of),"Micronesia, Fed. Sts."
2523,MDA,Republic of Moldova,Moldova
2533,NLD,Netherlands (Kingdom of the),Netherlands
2567,SVK,Slovakia,Slovak Republic
2575,KNA,Saint Kitts and Nevis,St. Kitts and Nevis
2576,LCA,Saint Lucia,St. Lucia
2577,MAF,Saint Martin (French Part),St. Martin (French part)
2578,VCT,Saint Vincent and the Grenadines,St. Vincent and the Grenadines
2585,TZA,United Republic of Tanzania,Tanzania
2592,TUR,Türkiye,Turkiye
2599,GBR,United Kingdom of Great Britain and Northern Ireland,United Kingdom
2600,USA,United States of America,United States
2604,VEN,Venezuela (Bolivarian Republic of),"Venezuela, RB"
2606,VIR,United States Virgin Islands,Virgin Islands (U.S.)
2607,PSE,State of Palestine,West Bank and Gaza
2608,YEM,Yemen,"Yemen, Rep."
2611,AFE,,Africa Eastern and Southern
2612,AFW,,Africa Western and Central
2613,ARB,,Arab World
2614,CSS,,Caribbean small states
2615,CEB,,Central Europe and the Baltics
2616,EAR,,Early-demographic dividend
2617,EAS,,East Asia & Pacific
2618,EAP,,East Asia & Pacific (excluding high income)
2619,TEA,,East Asia & Pacific (IDA & IBRD countries)
2620,EMU,,Euro area
2621,ECS,,Europe & Central Asia
2622,ECA,,Europe & Central Asia (excluding high income)
2623,TEC,,Europe & Central Asia (IDA & IBRD countries)
2624,EUU,,European Union
2625,FCS,,Fragile and conflict affected situations
2626,HPC,,Heavily indebted poor countries (HIPC)
2627,HIC,,High income
2628,IBD,,IBRD only
2629,IBT,,IDA & IBRD total
2630,IDB,,IDA blend
2631,IDX,,IDA only
2632,IDA,,IDA total
2633,LTE,,Late-demographic dividend
2634,LCN,,Latin America & Caribbean
2635,LAC,,Latin America & Caribbean (excluding high income)
2636,TLA,,Latin America & the Caribbean (IDA & IBRD countries)
2637,LDC,,Least developed countries: UN classification
2638,LMY,,Low & middle income
2639,LIC,,Low income
2640,LMC,,Lower middle income
2641,MEA,,Middle East & North Africa
2642,MNA,,Middle East & North Africa (excluding high income)
2643,TMN,,Middle East & North Africa (IDA & IBRD countries)
2644,MIC,,Middle income
2645,NAC,,North America
2646,INX,,Not classified
2647,OED,,OECD members
2648,OSS,,Other small states
2649,PSS,,Pacific island small states
2650,PST,,Post-demographic dividend
2651,PRE,,Pre-demographic dividend
2652,SST,,Small states
2653,SAS,,South Asia
2654,TSA,,South Asia (IDA & IBRD)
2655,SSF,,Sub-Saharan Africa
2656,SSA,,Sub-Saharan Africa (excluding high income)
2657,TSS,,Sub-Saharan Africa (IDA & IBRD countries)
2658,UMC,,Upper middle income
2659,WLD,,World
2673,BHS,Bahamas,"Bahamas, The"
2683,BOL,Bolivia (Plurinational State of),Bolivia
2699,CHI,,Channel Islands
2704,COD,Democratic Republic of the Congo,"Congo, Dem. Rep."
2705,COG,Congo,"Congo, Rep."
2707,CIV,Côte d’Ivoire,Cote d'Ivoire
2710,CUW,Curaçao,Curacao
2718,EGY,Egypt,"Egypt, Arab Rep."
2731,GMB,Gambia,"Gambia, The"
2746,HKG,"China, Hong Kong Special Administrative Region","Hong Kong SAR, China"
2751,IRN,Iran (Islamic Republic of),"Iran, Islamic Rep."
2763,PRK,Democratic People's Republic of Korea,"Korea, Dem. People's Rep."
2764,KOR,Republic of Korea,"Korea, Rep."
2765,XKX,,Kosovo
2767,KGZ,Kyrgyzstan,Kyrgyz Republic
2768,LAO,Lao People's Democratic Republic,Lao PDR
2777,MAC,"China, Macao Special Administrative Region","Macao SAR, China"
2788,FSM,Micronesia (Federated States of),"Micronesia, Fed. Sts."
2789,MDA,Republic of Moldova,Moldova
2799,NLD,Netherlands (Kingdom of the),Netherlands
2833,SVK,Slovakia,Slovak Republic
2841,KNA,Saint Kitts and Nevis,St. Kitts and Nevis
2842,LCA,Saint Lucia,St. Lucia
2843,MAF,Saint Martin (French Part),St. Martin (French part)
2844,VCT,Saint Vincent and the Grenadines,St. Vincent and the Grenadines
2851,TZA,United Republic of Tanzania,Tanzania
2858,TUR,Türkiye,Turkiye
2865,GBR,United Kingdom of Great Britain and Northern Ireland,United Kingdom
2866,USA,United States of America,United States
2870,VEN,Venezuela (Bolivarian Republic of),"Venezuela, RB"
2872,VIR,United States Virgin Islands,Virgin Islands (U.S.)
2873,PSE,State of Palestine,West Bank and Gaza
2874,YEM,Yemen,"Yemen, Rep."
2877,AFE,,Africa Eastern and Southern
2878,AFW,,Africa Western and Central
2879,ARB,,Arab World
2880,CSS,,Caribbean small states
2881,CEB,,Central Europe and the Baltics
2882,EAR,,Early-demographic dividend
2883,EAS,,East Asia & Pacific
2884,EAP,,East Asia & Pacific (excluding high income)
2885,TEA,,East Asia & Pacific (IDA & IBRD countries)
2886,EMU,,Euro area
2887,ECS,,Europe & Central Asia
2888,ECA,,Europe & Central Asia (excluding high income)
2889,TEC,,Europe & Central Asia (IDA & IBRD countries)
2890,EUU,,European Union
2891,FCS,,Fragile and conflict affected situations
2892,HPC,,Heavily indebted poor countries (HIPC)
2893,HIC,,High income
2894,IBD,,IBRD only
2895,IBT,,IDA & IBRD total
2896,IDB,,IDA blend
2897,IDX,,IDA only
2898,IDA,,IDA total
2899,LTE,,Late-demographic dividend
2900,LCN,,Latin America & Caribbean
2901,LAC,,Latin America & Caribbean (excluding high income)
2902,TLA,,Latin America & the Caribbean (IDA & IBRD countries)
2903,LDC,,Least developed countries: UN classification
2904,LMY,,Low & middle income
2905,LIC,,Low income
2906,LMC,,Lower middle income
2907,MEA,,Middle East & North Africa
2908,MNA,,Middle East & North Africa (excluding high income)
2909,TMN,,Middle East & North Africa (IDA & IBRD countries)
2910,MIC,,Middle income
2911,NAC,,North America
2912,INX,,Not classified
2913,OED,,OECD members
2914,OSS,,Other small states
2915,PSS,,Pacific island small states
2916,PST,,Post-demographic dividend
2917,PRE,,Pre-demographic dividend
2918,SST,,Small states
2919,SAS,,South Asia
2920,TSA,,South Asia (IDA & IBRD)
2921,SSF,,Sub-Saharan Africa
2922,SSA,,Sub-Saharan Africa (excluding high income)
2923,TSS,,Sub-Saharan Africa (IDA & IBRD countries)
2924,UMC,,Upper middle income
2925,WLD,,World
2939,BHS,Bahamas,"Bahamas, The"
2949,BOL,Bolivia (Plurinational State of),Bolivia
2965,CHI,,Channel Islands
2970,COD,Democratic Republic of the Congo,"Congo, Dem. Rep."
2971,COG,Congo,"Congo, Rep."
2973,CIV,Côte d’Ivoire,Cote d'Ivoire
2976,CUW,Curaçao,Curacao
2984,EGY,Egypt,"Egypt, Arab Rep."
2997,GMB,Gambia,"Gambia, The"
3012,HKG,"China, Hong Kong Special Administrative Region","Hong Kong SAR, China"
3017,IRN,Iran (Islamic Republic of),"Iran, Islamic Rep."
3029,PRK,Democratic People's Republic of Korea,"Korea, Dem. People's Rep."
3030,KOR,Republic of Korea,"Korea, Rep."
3031,XKX,,Kosovo
3033,KGZ,Kyrgyzstan,Kyrgyz Republic
3034,LAO,Lao People's Democratic Republic,Lao PDR
3043,MAC,"China, Macao Special Administrative Region","Macao SAR, China"
3054,FSM,Micronesia (Federated States of),"Micronesia, Fed. Sts."
3055,MDA,Republic of Moldova,Moldova
3065,NLD,Netherlands (Kingdom of the),Netherlands
3099,SVK,Slovakia,Slovak Republic
3107,KNA,Saint Kitts and Nevis,St. Kitts and Nevis
3108,LCA,Saint Lucia,St. Lucia
3109,MAF,Saint Martin (French Part),St. Martin (French part)
3110,VCT,Saint Vincent and the Grenadines,St. Vincent and the Grenadines
3117,TZA,United Republic of Tanzania,Tanzania
3124,TUR,Türkiye,Turkiye
3131,GBR,United Kingdom of Great Britain and Northern Ireland,United Kingdom
3132,USA,United States of America,United States
3136,VEN,Venezuela (Bolivarian Republic of),"Venezuela, RB"
3138,VIR,United States Virgin Islands,Virgin Islands (U.S.)
3139,PSE,State of Palestine,West Bank and Gaza
3140,YEM,Yemen,"Yemen, Rep."
3143,AFE,,Africa Eastern and Southern
3144,AFW,,Africa Western and Central
3145,ARB,,Arab World
3146,CSS,,Caribbean small states
3147,CEB,,Central Europe and the Baltics
3148,EAR,,Early-demographic dividend
3149,EAS,,East Asia & Pacific
3150,EAP,,East Asia & Pacific (excluding high income)
3151,TEA,,East Asia & Pacific (IDA & IBRD countries)
3152,EMU,,Euro area
3153,ECS,,Europe & Central Asia
3154,ECA,,Europe & Central Asia (excluding high income)
3155,TEC,,Europe & Central Asia (IDA & IBRD countries)
3156,EUU,,European Union
3157,FCS,,Fragile and conflict affected situations
3158,HPC,,Heavily indebted poor countries (HIPC)
3159,HIC,,High income
3160,IBD,,IBRD only
3161,IBT,,IDA & IBRD total
3162,IDB,,IDA blend
3163,IDX,,IDA only
3164,IDA,,IDA total
3165,LTE,,Late-demographic dividend
3166,LCN,,Latin America & Caribbean
3167,LAC,,Latin America & Caribbean (excluding high income)
3168,TLA,,Latin America & the Caribbean (IDA & IBRD countries)
3169,LDC,,Least developed countries: UN classification
3170,LMY,,Low & middle income
3171,LIC,,Low income
3172,LMC,,Lower middle income
3173,MEA,,Middle East & North Africa
3174,MNA,,Middle East & North Africa (excluding high income)
3175,TMN,,Middle East & North Africa (IDA & IBRD countries)
3176,MIC,,Middle income
3177,NAC,,North America
3178,INX,,Not classified
3179,OED,,OECD members
3180,OSS,,Other small states
3181,PSS,,Pacific island small states
3182,PST,,Post-demographic dividend
3183,PRE,,Pre-demographic dividend
3184,SST,,Small states
3185,SAS,,South Asia
3186,TSA,,South Asia (IDA & IBRD)
3187,SSF,,Sub-Saharan Africa
3188,SSA,,Sub-Saharan Africa (excluding high income)
3189,TSS,,Sub-Saharan Africa (IDA & IBRD countries)
3190,UMC,,Upper middle income
3191,WLD,,World
3205,BHS,Bahamas,"Bahamas, The"
3215,BOL,Bolivia (Plurinational State of),Bolivia
3231,CHI,,Channel Islands
3236,COD,Democratic Republic of the Congo,"Congo, Dem. Rep."
3237,COG,Congo,"Congo, Rep."
3239,CIV,Côte d’Ivoire,Cote d'Ivoire
3242,CUW,Curaçao,Curacao
3250,EGY,Egypt,"Egypt, Arab Rep."
3263,GMB,Gambia,"Gambia, The"
3278,HKG,"China, Hong Kong Special Administrative Region","Hong Kong SAR, China"
3283,IRN,Iran (Islamic Republic of),"Iran, Islamic Rep."
3295,PRK,Democratic People's Republic of Korea,"Korea, Dem. People's Rep."
3296,KOR,Republic of Korea,"Korea, Rep."
3297,XKX,,Kosovo
3299,KGZ,Kyrgyzstan,Kyrgyz Republic
3300,LAO,Lao People's Democratic Republic,Lao PDR
3309,MAC,"China, Macao Special Administrative Region","Macao SAR, China"
3320,FSM,Micronesia (Federated States of),"Micronesia, Fed. Sts."
3321,MDA,Republic of Moldova,Moldova
3331,NLD,Netherlands (Kingdom of the),Netherlands
3365,SVK,Slovakia,Slovak Republic
3373,KNA,Saint Kitts and Nevis,St. Kitts and Nevis
3374,LCA,Saint Lucia,St. Lucia
3375,MAF,Saint Martin (French Part),St. Martin (French part)
3376,VCT,Saint Vincent and the Grenadines,St. Vincent and the Grenadines
3383,TZA,United Republic of Tanzania,Tanzania
3390,TUR,Türkiye,Turkiye
3397,GBR,United Kingdom of Great Britain and Northern Ireland,United Kingdom
3398,USA,United States of America,United States
3402,VEN,Venezuela (Bolivarian Republic of),"Venezuela, RB"
3404,VIR,United States Virgin Islands,Virgin Islands (U.S.)
3405,PSE,State of Palestine,West Bank and Gaza
3406,YEM,Yemen,"Yemen, Rep."
3409,AFE,,Africa Eastern and Southern
3410,AFW,,Africa Western and Central
3411,ARB,,Arab World
3412,CSS,,Caribbean small states
3413,CEB,,Central Europe and the Baltics
3414,EAR,,Early-demographic dividend
3415,EAS,,East Asia & Pacific
3416,EAP,,East Asia & Pacific (excluding high income)
3417,TEA,,East Asia & Pacific (IDA & IBRD countries)
3418,EMU,,Euro area
3419,ECS,,Europe & Central Asia
3420,ECA,,Europe & Central Asia (excluding high income)
3421,TEC,,Europe & Central Asia (IDA & IBRD countries)
3422,EUU,,European Union
3423,FCS,,Fragile and conflict affected situations
3424,HPC,,Heavily indebted poor countries (HIPC)
3425,HIC,,High income
3426,IBD,,IBRD only
3427,IBT,,IDA & IBRD total
3428,IDB,,IDA blend
3429,IDX,,IDA only
3430,IDA,,IDA total
3431,LTE,,Late-demographic dividend
3432,LCN,,Latin America & Caribbean
3433,LAC,,Latin America & Caribbean (excluding high income)
3434,TLA,,Latin America & the Caribbean (IDA & IBRD countries)
3435,LDC,,Least developed countries: UN classification
3436,LMY,,Low & middle income
3437,LIC,,Low income
3438,LMC,,Lower middle income
3439,MEA,,Middle East & North Africa
3440,MNA,,Middle East & North Africa (excluding high income)
3441,TMN,,Middle East & North Africa (IDA & IBRD countries)
3442,MIC,,Middle income
3443,NAC,,North America
3444,INX,,Not classified
3445,OED,,OECD members
3446,OSS,,Other small states
3447,PSS,,Pacific island small states
3448,PST,,Post-demographic dividend
3449,PRE,,Pre-demographic dividend
3450,SST,,Small states
3451,SAS,,South Asia
3452,TSA,,South Asia (IDA & IBRD)
3453,SSF,,Sub-Saharan Africa
3454,SSA,,Sub-Saharan Africa (excluding high income)
3455,TSS,,Sub-Saharan Africa (IDA & IBRD countries)
3456,UMC,,Upper middle income
3457,WLD,,World
3471,BHS,Bahamas,"Bahamas, The"
3481,BOL,Bolivia (Plurinational State of),Bolivia
3497,CHI,,Channel Islands
3502,COD,Democratic Republic of the Congo,"Congo, Dem. Rep."
3503,COG,Congo,"Congo, Rep."
3505,CIV,Côte d’Ivoire,Cote d'Ivoire
3508,CUW,Curaçao,Curacao
3516,EGY,Egypt,"Egypt, Arab Rep."
3529,GMB,Gambia,"Gambia, The"
3544,HKG,"China, Hong Kong Special Administrative Region","Hong Kong SAR, China"
3549,IRN,Iran (Islamic Republic of),"Iran, Islamic Rep."
3561,PRK,Democratic People's Republic of Korea,"Korea, Dem. People's Rep."
3562,KOR,Republic of Korea,"Korea, Rep."
3563,XKX,,Kosovo
3565,KGZ,Kyrgyzstan,Kyrgyz Republic
3566,LAO,Lao People's Democratic Republic,Lao PDR
3575,MAC,"China, Macao Special Administrative Region","Macao SAR, China"
3586,FSM,Micronesia (Federated States of),"Micronesia, Fed. Sts."
3587,MDA,Republic of Moldova,Moldova
3597,NLD,Netherlands (Kingdom of the),Netherlands
3631,SVK,Slovakia,Slovak Republic
3639,KNA,Saint Kitts and Nevis,St. Kitts and Nevis
3640,LCA,Saint Lucia,St. Lucia
3641,MAF,Saint Martin (French Part),St. Martin (French part)
3642,VCT,Saint Vincent and the Grenadines,St. Vincent and the Grenadines
3649,TZA,United Republic of Tanzania,Tanzania
3656,TUR,Türkiye,Turkiye
3663,GBR,United Kingdom of Great Britain and Northern Ireland,United Kingdom
3664,USA,United States of America,United States
3668,VEN,Venezuela (Bolivarian Republic of),"Venezuela, RB"
3670,VIR,United States Virgin Islands,Virgin Islands (U.S.)
3671,PSE,State of Palestine,West Bank and Gaza
3672,YEM,Yemen,"Yemen, Rep."
3675,AFE,,Africa Eastern and Southern
3676,AFW,,Africa Western and Central
3677,ARB,,Arab World
3678,CSS,,Caribbean small states
3679,CEB,,Central Europe and the Baltics
3680,EAR,,Early-demographic dividend
3681,EAS,,East Asia & Pacific
3682,EAP,,East Asia & Pacific (excluding high income)
3683,TEA,,East Asia & Pacific (IDA & IBRD countries)
3684,EMU,,Euro area
3685,ECS,,Europe & Central Asia
3686,ECA,,Europe & Central Asia (excluding high income)
3687,TEC,,Europe & Central Asia (IDA & IBRD countries)
3688,EUU,,European Union
3689,FCS,,Fragile and conflict affected situations
3690,HPC,,Heavily indebted poor countries (HIPC)
3691,HIC,,High income
3692,IBD,,IBRD only
3693,IBT,,IDA & IBRD total
3694,IDB,,IDA blend
3695,IDX,,IDA only
3696,IDA,,IDA total
3697,LTE,,Late-demographic dividend
3698,LCN,,Latin America & Caribbean
3699,LAC,,Latin America & Caribbean (excluding high income)
3700,TLA,,Latin America & the Caribbean (IDA & IBRD countries)
3701,LDC,,Least developed countries: UN classification
3702,LMY,,Low & middle income
3703,LIC,,Low income
3704,LMC,,Lower middle income
3705,MEA,,Middle East & North Africa
3706,MNA,,Middle East & North Africa (excluding high income)
3707,TMN,,Middle East & North Africa (IDA & IBRD countries)
3708,MIC,,Middle income
3709,NAC,,North America
3710,INX,,Not classified
3711,OED,,OECD members
3712,OSS,,Other small states
3713,PSS,,Pacific island small states
3714,PST,,Post-demographic dividend
3715,PRE,,Pre-demographic dividend
3716,SST,,Small states
3717,SAS,,South Asia
3718,TSA,,South Asia (IDA & IBRD)
3719,SSF,,Sub-Saharan Africa
3720,SSA,,Sub-Saharan Africa (excluding high income)
3721,TSS,,Sub-Saharan Africa (IDA & IBRD countries)
3722,UMC,,Upper middle income
3723,WLD,,World
3737,BHS,Bahamas,"Bahamas, The"
3747,BOL,Bolivia (Plurinational State of),Bolivia
3763,CHI,,Channel Islands
3768,COD,Democratic Republic of the Congo,"Congo, Dem. Rep."
3769,COG,Congo,"Congo, Rep."
3771,CIV,Côte d’Ivoire,Cote d'Ivoire
3774,CUW,Curaçao,Curacao
3782,EGY,Egypt,"Egypt, Arab Rep."
3795,GMB,Gambia,"Gambia, The"
3810,HKG,"China, Hong Kong Special Administrative Region","Hong Kong SAR, China"
3815,IRN,Iran (Islamic Republic of),"Iran, Islamic Rep."
3827,PRK,Democratic People's Republic of Korea,"Korea, Dem. People's Rep."
3828,KOR,Republic of Korea,"Korea, Rep."
3829,XKX,,Kosovo
3831,KGZ,Kyrgyzstan,Kyrgyz Republic
3832,LAO,Lao People's Democratic Republic,Lao PDR
3841,MAC,"China, Macao Special Administrative Region","Macao SAR, China"
3852,FSM,Micronesia (Federated States of),"Micronesia, Fed. Sts."
3853,MDA,Republic of Moldova,Moldova
3863,NLD,Netherlands (Kingdom of the),Netherlands
3897,SVK,Slovakia,Slovak Republic
3905,KNA,Saint Kitts and Nevis,St. Kitts and Nevis
3906,LCA,Saint Lucia,St. Lucia
3907,MAF,Saint Martin (French Part),St. Martin (French part)
3908,VCT,Saint Vincent and the Grenadines,St. Vincent and the Grenadines
3915,TZA,United Republic of Tanzania,Tanzania
3922,TUR,Türkiye,Turkiye
3929,GBR,United Kingdom of Great Britain and Northern Ireland,United Kingdom
3930,USA,United States of America,United States
3934,VEN,Venezuela (Bolivarian Republic of),"Venezuela, RB"
3936,VIR,United States Virgin Islands,Virgin Islands (U.S.)
3937,PSE,State of Palestine,West Bank and Gaza
3938,YEM,Yemen,"Yemen, Rep."
3941,AFE,,Africa Eastern and Southern
3942,AFW,,Africa Western and Central
3943,ARB,,Arab World
3944,CSS,,Caribbean small states
3945,CEB,,Central Europe and the Baltics
3946,EAR,,Early-demographic dividend
3947,EAS,,East Asia & Pacific
3948,EAP,,East Asia & Pacific (excluding high income)
3949,TEA,,East Asia & Pacific (IDA & IBRD countries)
3950,EMU,,Euro area
3951,ECS,,Europe & Central Asia
3952,ECA,,Europe & Central Asia (excluding high income)
3953,TEC,,Europe & Central Asia (IDA & IBRD countries)
3954,EUU,,European Union
3955,FCS,,Fragile and conflict affected situations
3956,HPC,,Heavily indebted poor countries (HIPC)
3957,HIC,,High income
3958,IBD,,IBRD only
3959,IBT,,IDA & IBRD total
3960,IDB,,IDA blend
3961,IDX,,IDA only
3962,IDA,,IDA total
3963,LTE,,Late-demographic dividend
3964,LCN,,Latin America & Caribbean
3965,LAC,,Latin America & Caribbean (excluding high income)
3966,TLA,,Latin America & the Caribbean (IDA & IBRD countries)
3967,LDC,,Least developed countries: UN classification
3968,LMY,,Low & middle income
3969,LIC,,Low income
3970,LMC,,Lower middle income
3971,MEA,,Middle East & North Africa
3972,MNA,,Middle East & North Africa (excluding high income)
3973,TMN,,Middle East & North Africa (IDA & IBRD countries)
3974,MIC,,Middle income
3975,NAC,,North America
3976,INX,,Not classified
3977,OED,,OECD members
3978,OSS,,Other small states
3979,PSS,,Pacific island small states
3980,PST,,Post-demographic dividend
3981,PRE,,Pre-demographic dividend
3982,SST,,Small states
3983,SAS,,South Asia
3984,TSA,,South Asia (IDA & IBRD)
3985,SSF,,Sub-Saharan Africa
3986,SSA,,Sub-Saharan Africa (excluding high income)
3987,TSS,,Sub-Saharan Africa (IDA & IBRD countries)
3988,UMC,,Upper middle income
3989,WLD,,World
4003,BHS,Bahamas,"Bahamas, The"
4013,BOL,Bolivia (Plurinational State of),Bolivia
4029,CHI,,Channel Islands
4034,COD,Democratic Republic of the Congo,"Congo, Dem. Rep."
4035,COG,Congo,"Congo, Rep."
4037,CIV,Côte d’Ivoire,Cote d'Ivoire
4040,CUW,Curaçao,Curacao
4048,EGY,Egypt,"Egypt, Arab Rep."
4061,GMB,Gambia,"Gambia, The"
4076,HKG,"China, Hong Kong Special Administrative Region","Hong Kong SAR, China"
4081,IRN,Iran (Islamic Republic of),"Iran, Islamic Rep."
4093,PRK,Democratic People's Republic of Korea,"Korea, Dem. People's Rep."
4094,KOR,Republic of Korea,"Korea, Rep."
4095,XKX,,Kosovo
4097,KGZ,Kyrgyzstan,Kyrgyz Republic
4098,LAO,Lao People's Democratic Republic,Lao PDR
4107,MAC,"China, Macao Special Administrative Region","Macao SAR, China"
4118,FSM,Micronesia (Federated States of),"Micronesia, Fed. Sts."
4119,MDA,Republic of Moldova,Moldova
4129,NLD,Netherlands (Kingdom of the),Netherlands
4163,SVK,Slovakia,Slovak Republic
4171,KNA,Saint Kitts and Nevis,St. Kitts and Nevis
4172,LCA,Saint Lucia,St. Lucia
4173,MAF,Saint Martin (French Part),St. Martin (French part)
4174,VCT,Saint Vincent and the Grenadines,St. Vincent and the Grenadines
4181,TZA,United Republic of Tanzania,Tanzania
4188,TUR,Türkiye,Turkiye
4195,GBR,United Kingdom of Great Britain and Northern Ireland,United Kingdom
4196,USA,United States of America,United States
4200,VEN,Venezuela (Bolivarian Republic of),"Venezuela, RB"
4202,VIR,United States Virgin Islands,Virgin Islands (U.S.)
4203,PSE,State of Palestine,West Bank and Gaza
4204,YEM,Yemen,"Yemen, Rep."
4207,AFE,,Africa Eastern and Southern
4208,AFW,,Africa Western and Central
4209,ARB,,Arab World
4210,CSS,,Caribbean small states
4211,CEB,,Central Europe and the Baltics
4212,EAR,,Early-demographic dividend
4213,EAS,,East Asia & Pacific
4214,EAP,,East Asia & Pacific (excluding high income)
4215,TEA,,East Asia & Pacific (IDA & IBRD countries)
4216,EMU,,Euro area
4217,ECS,,Europe & Central Asia
4218,ECA,,Europe & Central Asia (excluding high income)
4219,TEC,,Europe & Central Asia (IDA & IBRD countries)
4220,EUU,,European Union
4221,FCS,,Fragile and conflict affected situations
4222,HPC,,Heavily indebted poor countries (HIPC)
4223,HIC,,High income
4224,IBD,,IBRD only
4225,IBT,,IDA & IBRD total
4226,IDB,,IDA blend
4227,IDX,,IDA only
4228,IDA,,IDA total
4229,LTE,,Late-demographic dividend
4230,LCN,,Latin America & Caribbean
4231,LAC,,Latin America & Caribbean (excluding high income)
4232,TLA,,Latin America & the Caribbean (IDA & IBRD countries)
4233,LDC,,Least developed countries: UN classification
4234,LMY,,Low & middle income
4235,LIC,,Low income
4236,LMC,,Lower middle income
4237,MEA,,Middle East & North Africa
4238,MNA,,Middle East & North Africa (excluding high income)
4239,TMN,,Middle East & North Africa (IDA & IBRD countries)
4240,MIC,,Middle income
4241,NAC,,North America
4242,INX,,Not classified
4243,OED,,OECD members
4244,OSS,,Other small states
4245,PSS,,Pacific island small states
4246,PST,,Post-demographic dividend
4247,PRE,,Pre-demographic dividend
4248,SST,,Small states
4249,SAS,,South Asia
4250,TSA,,South Asia (IDA & IBRD)
4251,SSF,,Sub-Saharan Africa
4252,SSA,,Sub-Saharan Africa (excluding high income)
4253,TSS,,Sub-Saharan Africa (IDA & IBRD countries)
4254,UMC,,Upper middle income
4255,WLD,,World
4269,BHS,Bahamas,"Bahamas, The"
4279,BOL,Bolivia (Plurinational State of),Bolivia
4295,CHI,,Channel Islands
4300,COD,Democratic Republic of the Congo,"Congo, Dem. Rep."
4301,COG,Congo,"Congo, Rep."
4303,CIV,Côte d’Ivoire,Cote d'Ivoire
4306,CUW,Curaçao,Curacao
4314,EGY,Egypt,"Egypt, Arab Rep."
4327,GMB,Gambia,"Gambia, The"
4342,HKG,"China, Hong Kong Special Administrative Region","Hong Kong SAR, China"
4347,IRN,Iran (Islamic Republic of),"Iran, Islamic Rep."
4359,PRK,Democratic People's Republic of Korea,"Korea, Dem. People's Rep."
4360,KOR,Republic of Korea,"Korea, Rep."
4361,XKX,,Kosovo
4363,KGZ,Kyrgyzstan,Kyrgyz Republic
4364,LAO,Lao People's Democratic Republic,Lao PDR
4373,MAC,"China, Macao Special Administrative Region","Macao SAR, China"
4384,FSM,Micronesia (Federated States of),"Micronesia, Fed. Sts."
4385,MDA,Republic of Moldova,Moldova
4395,NLD,Netherlands (Kingdom of the),Netherlands
4429,SVK,Slovakia,Slovak Republic
4437,KNA,Saint Kitts and Nevis,St. Kitts and Nevis
4438,LCA,Saint Lucia,St. Lucia
4439,MAF,Saint Martin (French Part),St. Martin (French part)
4440,VCT,Saint Vincent and the Grenadines,St. Vincent and the Grenadines
4447,TZA,United Republic of Tanzania,Tanzania
4454,TUR,Türkiye,Turkiye
4461,GBR,United Kingdom of Great Britain and Northern Ireland,United Kingdom
4462,USA,United States of America,United States
4466,VEN,Venezuela (Bolivarian Republic of),"Venezuela, RB"
4468,VIR,United States Virgin Islands,Virgin Islands (U.S.)
4469,PSE,State of Palestine,West Bank and Gaza
4470,YEM,Yemen,"Yemen, Rep."
4473,AFE,,Africa Eastern and Southern
4474,AFW,,Africa Western and Central
4475,ARB,,Arab World
4476,CSS,,Caribbean small states
4477,CEB,,Central Europe and the Baltics
4478,EAR,,Early-demographic dividend
4479,EAS,,East Asia & Pacific
4480,EAP,,East Asia & Pacific (excluding high income)
4481,TEA,,East Asia & Pacific (IDA & IBRD countries)
4482,EMU,,Euro area
4483,ECS,,Europe & Central Asia
4484,ECA,,Europe & Central Asia (excluding high income)
4485,TEC,,Europe & Central Asia (IDA & IBRD countries)
4486,EUU,,European Union
4487,FCS,,Fragile and conflict affected situations
4488,HPC,,Heavily indebted poor countries (HIPC)
4489,HIC,,High income
4490,IBD,,IBRD only
4491,IBT,,IDA & IBRD total
4492,IDB,,IDA blend
4493,IDX,,IDA only
4494,IDA,,IDA total
4495,LTE,,Late-demographic dividend
4496,LCN,,Latin America & Caribbean
4497,LAC,,Latin America & Caribbean (excluding high income)
4498,TLA,,Latin America & the Caribbean (IDA & IBRD countries)
4499,LDC,,Least developed countries: UN classification
4500,LMY,,Low & middle income
4501,LIC,,Low income
4502,LMC,,Lower middle income
4503,MEA,,Middle East & North Africa
4504,MNA,,Middle East & North Africa (excluding high income)
4505,TMN,,Middle East & North Africa (IDA & IBRD countries)
4506,MIC,,Middle income
4507,NAC,,North America
4508,INX,,Not classified
4509,OED,,OECD members
4510,OSS,,Other small states
4511,PSS,,Pacific island small states
4512,PST,,Post-demographic dividend
4513,PRE,,Pre-demographic dividend
4514,SST,,Small states
4515,SAS,,South Asia
4516,TSA,,South Asia (IDA & IBRD)
4517,SSF,,Sub-Saharan Africa
4518,SSA,,Sub-Saharan Africa (excluding high income)
4519,TSS,,Sub-Saharan Africa (IDA & IBRD countries)
4520,UMC,,Upper middle income
4521,WLD,,World
4535,BHS,Bahamas,"Bahamas, The"
4545,BOL,Bolivia (Plurinational State of),Bolivia
4561,CHI,,Channel Islands
4566,COD,Democratic Republic of the Congo,"Congo, Dem. Rep."
4567,COG,Congo,"Congo, Rep."
4569,CIV,Côte d’Ivoire,Cote d'Ivoire
4572,CUW,Curaçao,Curacao
4580,EGY,Egypt,"Egypt, Arab Rep."
4593,GMB,Gambia,"Gambia, The"
4608,HKG,"China, Hong Kong Special Administrative Region","Hong Kong SAR, China"
4613,IRN,Iran (Islamic Republic of),"Iran, Islamic Rep."
4625,PRK,Democratic People's Republic of Korea,"Korea, Dem. People's Rep."
4626,KOR,Republic of Korea,"Korea, Rep."
4627,XKX,,Kosovo
4629,KGZ,Kyrgyzstan,Kyrgyz Republic
4630,LAO,Lao People's Democratic Republic,Lao PDR
4639,MAC,"China, Macao Special Administrative Region","Macao SAR, China"
4650,FSM,Micronesia (Federated States of),"Micronesia, Fed. Sts."
4651,MDA,Republic of Moldova,Moldova
4661,NLD,Netherlands (Kingdom of the),Netherlands
4695,SVK,Slovakia,Slovak Republic
4703,KNA,Saint Kitts and Nevis,St. Kitts and Nevis
4704,LCA,Saint Lucia,St. Lucia
4705,MAF,Saint Martin (French Part),St. Martin (French part)
4706,VCT,Saint Vincent and the Grenadines,St. Vincent and the Grenadines
4713,TZA,United Republic of Tanzania,Tanzania
4720,TUR,Türkiye,Turkiye
4727,GBR,United Kingdom of Great Britain and Northern Ireland,United Kingdom
4728,USA,United States of America,United States
4732,VEN,Venezuela (Bolivarian Republic of),"Venezuela, RB"
4734,VIR,United States Virgin Islands,Virgin Islands (U.S.)
4735,PSE,State of Palestine,West Bank and Gaza
4736,YEM,Yemen,"Yemen, Rep."
4739,AFE,,Africa Eastern and Southern
4740,AFW,,Africa Western and Central
4741,ARB,,Arab World
4742,CSS,,Caribbean small states
4743,CEB,,Central Europe and the Baltics
4744,EAR,,Early-demographic dividend
4745,EAS,,East Asia & Pacific
4746,EAP,,East Asia & Pacific (excluding high income)
4747,TEA,,East Asia & Pacific (IDA & IBRD countries)
4748,EMU,,Euro area
4749,ECS,,Europe & Central Asia
4750,ECA,,Europe & Central Asia (excluding high income)
4751,TEC,,Europe & Central Asia (IDA & IBRD countries)
4752,EUU,,European Union
4753,FCS,,Fragile and conflict affected situations
4754,HPC,,Heavily indebted poor countries (HIPC)
4755,HIC,,High income
4756,IBD,,IBRD only
4757,IBT,,IDA & IBRD total
4758,IDB,,IDA blend
4759,IDX,,IDA only
4760,IDA,,IDA total
4761,LTE,,Late-demographic dividend
4762,LCN,,Latin America & Caribbean
4763,LAC,,Latin America & Caribbean (excluding high income)
4764,TLA,,Latin America & the Caribbean (IDA & IBRD countries)
4765,LDC,,Least developed countries: UN classification
4766,LMY,,Low & middle income
4767,LIC,,Low income
4768,LMC,,Lower middle income
4769,MEA,,Middle East & North Africa
4770,MNA,,Middle East & North Africa (excluding high income)
4771,TMN,,Middle East & North Africa (IDA & IBRD countries)
4772,MIC,,Middle income
4773,NAC,,North America
4774,INX,,Not classified
4775,OED,,OECD members
4776,OSS,,Other small states
4777,PSS,,Pacific island small states
4778,PST,,Post-demographic dividend
4779,PRE,,Pre-demographic dividend
4780,SST,,Small states
4781,SAS,,South Asia
4782,TSA,,South Asia (IDA & IBRD)
4783,SSF,,Sub-Saharan Africa
4784,SSA,,Sub-Saharan Africa (excluding high income)
4785,TSS,,Sub-Saharan Africa (IDA & IBRD countries)
4786,UMC,,Upper middle income
4787,WLD,,World
4801,BHS,Bahamas,"Bahamas, The"
4811,BOL,Bolivia (Plurinational State of),Bolivia
4827,CHI,,Channel Islands
4832,COD,Democratic Republic of the Congo,"Congo, Dem. Rep."
4833,COG,Congo,"Congo, Rep."
4835,CIV,Côte d’Ivoire,Cote d'Ivoire
4838,CUW,Curaçao,Curacao
4846,EGY,Egypt,"Egypt, Arab Rep."
4859,GMB,Gambia,"Gambia, The"
4874,HKG,"China, Hong Kong Special Administrative Region","Hong Kong SAR, China"
4879,IRN,Iran (Islamic Republic of),"Iran, Islamic Rep."
4891,PRK,Democratic People's Republic of Korea,"Korea, Dem. People's Rep."
4892,KOR,Republic of Korea,"Korea, Rep."
4893,XKX,,Kosovo
4895,KGZ,Kyrgyzstan,Kyrgyz Republic
4896,LAO,Lao People's Democratic Republic,Lao PDR
4905,MAC,"China, Macao Special Administrative Region","Macao SAR, China"
4916,FSM,Micronesia (Federated States of),"Micronesia, Fed. Sts."
4917,MDA,Republic of Moldova,Moldova
4927,NLD,Netherlands (Kingdom of the),Netherlands
4961,SVK,Slovakia,Slovak Republic
4969,KNA,Saint Kitts and Nevis,St. Kitts and Nevis
4970,LCA,Saint Lucia,St. Lucia
4971,MAF,Saint Martin (French Part),St. Martin (French part)
4972,VCT,Saint Vincent and the Grenadines,St. Vincent and the Grenadines
4979,TZA,United Republic of Tanzania,Tanzania
4986,TUR,Türkiye,Turkiye
4993,GBR,United Kingdom of Great Britain and Northern Ireland,United Kingdom
4994,USA,United States of America,United States
4998,VEN,Venezuela (Bolivarian Republic of),"Venezuela, RB"
5000,VIR,United States Virgin Islands,Virgin Islands (U.S.)
5001,PSE,State of Palestine,West Bank and Gaza
5002,YEM,Yemen,"Yemen, Rep."
5005,AFE,,Africa Eastern and Southern
5006,AFW,,Africa Western and Central
5007,ARB,,Arab World
5008,CSS,,Caribbean small states
5009,CEB,,Central Europe and the Baltics
5010,EAR,,Early-demographic dividend
5011,EAS,,East Asia & Pacific
5012,EAP,,East Asia & Pacific (excluding high income)
5013,TEA,,East Asia & Pacific (IDA & IBRD countries)
5014,EMU,,Euro area
5015,ECS,,Europe & Central Asia
5016,ECA,,Europe & Central Asia (excluding high income)
5017,TEC,,Europe & Central Asia (IDA & IBRD countries)
5018,EUU,,European Union
5019,FCS,,Fragile and conflict affected situations
5020,HPC,,Heavily indebted poor countries (HIPC)
5021,HIC,,High income
5022,IBD,,IBRD only
5023,IBT,,IDA & IBRD total
5024,IDB,,IDA blend
5025,IDX,,IDA only
5026,IDA,,IDA total
5027,LTE,,Late-demographic dividend
5028,LCN,,Latin America & Caribbean
5029,LAC,,Latin America & Caribbean (excluding high income)
5030,TLA,,Latin America & the Caribbean (IDA & IBRD countries)
5031,LDC,,Least developed countries: UN classification
5032,LMY,,Low & middle income
5033,LIC,,Low income
5034,LMC,,Lower middle income
5035,MEA,,Middle East & North Africa
5036,MNA,,Middle East & North Africa (excluding high income)
5037,TMN,,Middle East & North Africa (IDA & IBRD countries)
5038,MIC,,Middle income
5039,NAC,,North America
5040,INX,,Not classified
5041,OED,,OECD members
5042,OSS,,Other small states
5043,PSS,,Pacific island small states
5044,PST,,Post-demographic dividend
5045,PRE,,Pre-demographic dividend
5046,SST,,Small states
5047,SAS,,South Asia
5048,TSA,,South Asia (IDA & IBRD)
5049,SSF,,Sub-Saharan Africa
5050,SSA,,Sub-Saharan Africa (excluding high income)
5051,TSS,,Sub-Saharan Africa (IDA & IBRD countries)
5052,UMC,,Upper middle income
5053,WLD,,World
5067,BHS,Bahamas,"Bahamas, The"
5077,BOL,Bolivia (Plurinational State of),Bolivia
5093,CHI,,Channel Islands
5098,COD,Democratic Republic of the Congo,"Congo, Dem. Rep."
5099,COG,Congo,"Congo, Rep."
5101,CIV,Côte d’Ivoire,Cote d'Ivoire
5104,CUW,Curaçao,Curacao
5112,EGY,Egypt,"Egypt, Arab Rep."
5125,GMB,Gambia,"Gambia, The"
5140,HKG,"China, Hong Kong Special Administrative Region","Hong Kong SAR, China"
5145,IRN,Iran (Islamic Republic of),"Iran, Islamic Rep."
5157,PRK,Democratic People's Republic of Korea,"Korea, Dem. People's Rep."
5158,KOR,Republic of Korea,"Korea, Rep."
5159,XKX,,Kosovo
5161,KGZ,Kyrgyzstan,Kyrgyz Republic
5162,LAO,Lao People's Democratic Republic,Lao PDR
5171,MAC,"China, Macao Special Administrative Region","Macao SAR, China"
5182,FSM,Micronesia (Federated States of),"Micronesia, Fed. Sts."
5183,MDA,Republic of Moldova,Moldova
5193,NLD,Netherlands (Kingdom of the),Netherlands
5227,SVK,Slovakia,Slovak Republic
5235,KNA,Saint Kitts and Nevis,St. Kitts and Nevis
5236,LCA,Saint Lucia,St. Lucia
5237,MAF,Saint Martin (French Part),St. Martin (French part)
5238,VCT,Saint Vincent and the Grenadines,St. Vincent and the Grenadines
5245,TZA,United Republic of Tanzania,Tanzania
5252,TUR,Türkiye,Turkiye
5259,GBR,United Kingdom of Great Britain and Northern Ireland,United Kingdom
5260,USA,United States of America,United States
5264,VEN,Venezuela (Bolivarian Republic of),"Venezuela, RB"
5266,VIR,United States Virgin Islands,Virgin Islands (U.S.)
5267,PSE,State of Palestine,West Bank and Gaza
5268,YEM,Yemen,"Yemen, Rep."
5271,AFE,,Africa Eastern and Southern
5272,AFW,,Africa Western and Central
5273,ARB,,Arab World
5274,CSS,,Caribbean small states
5275,CEB,,Central Europe and the Baltics
5276,EAR,,Early-demographic dividend
5277,EAS,,East Asia & Pacific
5278,EAP,,East Asia & Pacific (excluding high income)
5279,TEA,,East Asia & Pacific (IDA & IBRD countries)
5280,EMU,,Euro area
5281,ECS,,Europe & Central Asia
5282,ECA,,Europe & Central Asia (excluding high income)
5283,TEC,,Europe & Central Asia (IDA & IBRD countries)
5284,EUU,,European Union
5285,FCS,,Fragile and conflict affected situations
5286,HPC,,Heavily indebted poor countries (HIPC)
5287,HIC,,High income
5288,IBD,,IBRD only
5289,IBT,,IDA & IBRD total
5290,IDB,,IDA blend
5291,IDX,,IDA only
5292,IDA,,IDA total
5293,LTE,,Late-demographic dividend
5294,LCN,,Latin America & Caribbean
5295,LAC,,Latin America & Caribbean (excluding high income)
5296,TLA,,Latin America & the Caribbean (IDA & IBRD countries)
5297,LDC,,Least developed countries: UN classification
5298,LMY,,Low & middle income
5299,LIC,,Low income
5300,LMC,,Lower middle income
5301,MEA,,Middle East & North Africa
5302,MNA,,Middle East & North Africa (excluding high income)
5303,TMN,,Middle East & North Africa (IDA & IBRD countries)
5304,MIC,,Middle income
5305,NAC,,North America
5306,INX,,Not classified
5307,OED,,OECD members
5308,OSS,,Other small states
5309,PSS,,Pacific island small states
5310,PST,,Post-demographic dividend
5311,PRE,,Pre-demographic dividend
5312,SST,,Small states
5313,SAS,,South Asia
5314,TSA,,South Asia (IDA & IBRD)
5315,SSF,,Sub-Saharan Africa
5316,SSA,,Sub-Saharan Africa (excluding high income)
5317,TSS,,Sub-Saharan Africa (IDA & IBRD countries)
5318,UMC,,Upper middle income
5319,WLD,,World
5333,BHS,Bahamas,"Bahamas, The"
5343,BOL,Bolivia (Plurinational State of),Bolivia
5359,CHI,,Channel Islands
5364,COD,Democratic Republic of the Congo,"Congo, Dem. Rep."
5365,COG,Congo,"Congo, Rep."
5367,CIV,Côte d’Ivoire,Cote d'Ivoire
5370,CUW,Curaçao,Curacao
5378,EGY,Egypt,"Egypt, Arab Rep."
5391,GMB,Gambia,"Gambia, The"
5406,HKG,"China, Hong Kong Special Administrative Region","Hong Kong SAR, China"
5411,IRN,Iran (Islamic Republic of),"Iran, Islamic Rep."
5423,PRK,Democratic People's Republic of Korea,"Korea, Dem. People's Rep."
5424,KOR,Republic of Korea,"Korea, Rep."
5425,XKX,,Kosovo
5427,KGZ,Kyrgyzstan,Kyrgyz Republic
5428,LAO,Lao People's Democratic Republic,Lao PDR
5437,MAC,"China, Macao Special Administrative Region","Macao SAR, China"
5448,FSM,Micronesia (Federated States of),"Micronesia, Fed. Sts."
5449,MDA,Republic of Moldova,Moldova
5459,NLD,Netherlands (Kingdom of the),Netherlands
5493,SVK,Slovakia,Slovak Republic
5501,KNA,Saint Kitts and Nevis,St. Kitts and Nevis
5502,LCA,Saint Lucia,St. Lucia
5503,MAF,Saint Martin (French Part),St. Martin (French part)
5504,VCT,Saint Vincent and the Grenadines,St. Vincent and the Grenadines
5511,TZA,United Republic of Tanzania,Tanzania
5518,TUR,Türkiye,Turkiye
5525,GBR,United Kingdom of Great Britain and Northern Ireland,United Kingdom
5526,USA,United States of America,United States
5530,VEN,Venezuela (Bolivarian Republic of),"Venezuela, RB"
5532,VIR,United States Virgin Islands,Virgin Islands (U.S.)
5533,PSE,State of Palestine,West Bank and Gaza
5534,YEM,Yemen,"Yemen, Rep."
5537,AFE,,Africa Eastern and Southern
5538,AFW,,Africa Western and Central
5539,ARB,,Arab World
5540,CSS,,Caribbean small states
5541,CEB,,Central Europe and the Baltics
5542,EAR,,Early-demographic dividend
5543,EAS,,East Asia & Pacific
5544,EAP,,East Asia & Pacific (excluding high income)
5545,TEA,,East Asia & Pacific (IDA & IBRD countries)
5546,EMU,,Euro area
5547,ECS,,Europe & Central Asia
5548,ECA,,Europe & Central Asia (excluding high income)
5549,TEC,,Europe & Central Asia (IDA & IBRD countries)
5550,EUU,,European Union
5551,FCS,,Fragile and conflict affected situations
5552,HPC,,Heavily indebted poor countries (HIPC)
5553,HIC,,High income
5554,IBD,,IBRD only
5555,IBT,,IDA & IBRD total
5556,IDB,,IDA blend
5557,IDX,,IDA only
5558,IDA,,IDA total
5559,LTE,,Late-demographic dividend
5560,LCN,,Latin America & Caribbean
5561,LAC,,Latin America & Caribbean (excluding high income)
5562,TLA,,Latin America & the Caribbean (IDA & IBRD countries)
5563,LDC,,Least developed countries: UN classification
5564,LMY,,Low & middle income
5565,LIC,,Low income
5566,LMC,,Lower middle income
5567,MEA,,Middle East & North Africa
5568,MNA,,Middle East & North Africa (excluding high income)
5569,TMN,,Middle East & North Africa (IDA & IBRD countries)
5570,MIC,,Middle income
5571,NAC,,North America
5572,INX,,Not classified
5573,OED,,OECD members
5574,OSS,,Other small states
5575,PSS,,Pacific island small states
5576,PST,,Post-demographic dividend
5577,PRE,,Pre-demographic dividend
5578,SST,,Small states
5579,SAS,,South Asia
5580,TSA,,South Asia (IDA & IBRD)
5581,SSF,,Sub-Saharan Africa
5582,SSA,,Sub-Saharan Africa (excluding high income)
5583,TSS,,Sub-Saharan Africa (IDA & IBRD countries)
5584,UMC,,Upper middle income
5585,WLD,,World
5599,BHS,Bahamas,"Bahamas, The"
5609,BOL,Bolivia (Plurinational State of),Bolivia
5625,CHI,,Channel Islands
5630,COD,Democratic Republic of the Congo,"Congo, Dem. Rep."
5631,COG,Congo,"Congo, Rep."
5633,CIV,Côte d’Ivoire,Cote d'Ivoire
5636,CUW,Curaçao,Curacao
5644,EGY,Egypt,"Egypt, Arab Rep."
5657,GMB,Gambia,"Gambia, The"
5672,HKG,"China, Hong Kong Special Administrative Region","Hong Kong SAR, China"
5677,IRN,Iran (Islamic Republic of),"Iran, Islamic Rep."
5689,PRK,Democratic People's Republic of Korea,"Korea, Dem. People's Rep."
5690,KOR,Republic of Korea,"Korea, Rep."
5691,XKX,,Kosovo
5693,KGZ,Kyrgyzstan,Kyrgyz Republic
5694,LAO,Lao People's Democratic Republic,Lao PDR
5703,MAC,"China, Macao Special Administrative Region","Macao SAR, China"
5714,FSM,Micronesia (Federated States of),"Micronesia, Fed. Sts."
5715,MDA,Republic of Moldova,Moldova
5725,NLD,Netherlands (Kingdom of the),Netherlands
5759,SVK,Slovakia,Slovak Republic
5767,KNA,Saint Kitts and Nevis,St. Kitts and Nevis
5768,LCA,Saint Lucia,St. Lucia
5769,MAF,Saint Martin (French Part),St. Martin (French part)
5770,VCT,Saint Vincent and the Grenadines,St. Vincent and the Grenadines
5777,TZA,United Republic of Tanzania,Tanzania
5784,TUR,Türkiye,Turkiye
5791,GBR,United Kingdom of Great Britain and Northern Ireland,United Kingdom
5792,USA,United States of America,United States
5796,VEN,Venezuela (Bolivarian Republic of),"Venezuela, RB"
5798,VIR,United States Virgin Islands,Virgin Islands (U.S.)
5799,PSE,State of Palestine,West Bank and Gaza
5800,YEM,Yemen,"Yemen, Rep."
5803,AFE,,Africa Eastern and Southern
5804,AFW,,Africa Western and Central
5805,ARB,,Arab World
5806,CSS,,Caribbean small states
5807,CEB,,Central Europe and the Baltics
5808,EAR,,Early-demographic dividend
5809,EAS,,East Asia & Pacific
5810,EAP,,East Asia & Pacific (excluding high income)
5811,TEA,,East Asia & Pacific (IDA & IBRD countries)
5812,EMU,,Euro area
5813,ECS,,Europe & Central Asia
5814,ECA,,Europe & Central Asia (excluding high income)
5815,TEC,,Europe & Central Asia (IDA & IBRD countries)
5816,EUU,,European Union
5817,FCS,,Fragile and conflict affected situations
5818,HPC,,Heavily indebted poor countries (HIPC)
5819,HIC,,High income
5820,IBD,,IBRD only
5821,IBT,,IDA & IBRD total
5822,IDB,,IDA blend
5823,IDX,,IDA only
5824,IDA,,IDA total
5825,LTE,,Late-demographic dividend
5826,LCN,,Latin America & Caribbean
5827,LAC,,Latin America & Caribbean (excluding high income)
5828,TLA,,Latin America & the Caribbean (IDA & IBRD countries)
5829,LDC,,Least developed countries: UN classification
5830,LMY,,Low & middle income
5831,LIC,,Low income
5832,LMC,,Lower middle income
5833,MEA,,Middle East & North Africa
5834,MNA,,Middle East & North Africa (excluding high income)
5835,TMN,,Middle East & North Africa (IDA & IBRD countries)
5836,MIC,,Middle income
5837,NAC,,North America
5838,INX,,Not classified
5839,OED,,OECD members
5840,OSS,,Other small states
5841,PSS,,Pacific island small states
5842,PST,,Post-demographic dividend
5843,PRE,,Pre-demographic dividend
5844,SST,,Small states
5845,SAS,,South Asia
5846,TSA,,South Asia (IDA & IBRD)
5847,SSF,,Sub-Saharan Africa
5848,SSA,,Sub-Saharan Africa (excluding high income)
5849,TSS,,Sub-Saharan Africa (IDA & IBRD countries)
5850,UMC,,Upper middle income
5851,WLD,,World
5865,BHS,Bahamas,"Bahamas, The"
5875,BOL,Bolivia (Plurinational State of),Bolivia
5891,CHI,,Channel Islands
5896,COD,Democratic Republic of the Congo,"Congo, Dem. Rep."
5897,COG,Congo,"Congo, Rep."
5899,CIV,Côte d’Ivoire,Cote d'Ivoire
5902,CUW,Curaçao,Curacao
5910,EGY,Egypt,"Egypt, Arab Rep."
5923,GMB,Gambia,"Gambia, The"
5938,HKG,"China, Hong Kong Special Administrative Region","Hong Kong SAR, China"
5943,IRN,Iran (Islamic Republic of),"Iran, Islamic Rep."
5955,PRK,Democratic People's Republic of Korea,"Korea, Dem. People's Rep."
5956,KOR,Republic of Korea,"Korea, Rep."
5957,XKX,,Kosovo
5959,KGZ,Kyrgyzstan,Kyrgyz Republic
5960,LAO,Lao People's Democratic Republic,Lao PDR
5969,MAC,"China, Macao Special Administrative Region","Macao SAR, China"
5980,FSM,Micronesia (Federated States of),"Micronesia, Fed. Sts."
5981,MDA,Republic of Moldova,Moldova
5991,NLD,Netherlands (Kingdom of the),Netherlands
6025,SVK,Slovakia,Slovak Republic
6033,KNA,Saint Kitts and Nevis,St. Kitts and Nevis
6034,LCA,Saint Lucia,St. Lucia
6035,MAF,Saint Martin (French Part),St. Martin (French part)
6036,VCT,Saint Vincent and the Grenadines,St. Vincent and the Grenadines
6043,TZA,United Republic of Tanzania,Tanzania
6050,TUR,Türkiye,Turkiye
6057,GBR,United Kingdom of Great Britain and Northern Ireland,United Kingdom
6058,USA,United States of America,United States
6062,VEN,Venezuela (Bolivarian Republic of),"Venezuela, RB"
6064,VIR,United States Virgin Islands,Virgin Islands (U.S.)
6065,PSE,State of Palestine,West Bank and Gaza
6066,YEM,Yemen,"Yemen, Rep."
6069,AFE,,Africa Eastern and Southern
6070,AFW,,Africa Western and Central
6071,ARB,,Arab World
6072,CSS,,Caribbean small states
6073,CEB,,Central Europe and the Baltics
6074,EAR,,Early-demographic dividend
6075,EAS,,East Asia & Pacific
6076,EAP,,East Asia & Pacific (excluding high income)
6077,TEA,,East Asia & Pacific (IDA & IBRD countries)
6078,EMU,,Euro area
6079,ECS,,Europe & Central Asia
6080,ECA,,Europe & Central Asia (excluding high income)
6081,TEC,,Europe & Central Asia (IDA & IBRD countries)
6082,EUU,,European Union
6083,FCS,,Fragile and conflict affected situations
6084,HPC,,Heavily indebted poor countries (HIPC)
6085,HIC,,High income
6086,IBD,,IBRD only
6087,IBT,,IDA & IBRD total
6088,IDB,,IDA blend
6089,IDX,,IDA only
6090,IDA,,IDA total
6091,LTE,,Late-demographic dividend
6092,LCN,,Latin America & Caribbean
6093,LAC,,Latin America & Caribbean (excluding high income)
6094,TLA,,Latin America & the Caribbean (IDA & IBRD countries)
6095,LDC,,Least developed countries: UN classification
6096,LMY,,Low & middle income
6097,LIC,,Low income
6098,LMC,,Lower middle income
6099,MEA,,Middle East & North Africa
6100,MNA,,Middle East & North Africa (excluding high income)
6101,TMN,,Middle East & North Africa (IDA & IBRD countries)
6102,MIC,,Middle income
6103,NAC,,North America
6104,INX,,Not classified
6105,OED,,OECD members
6106,OSS,,Other small states
6107,PSS,,Pacific island small states
6108,PST,,Post-demographic dividend
6109,PRE,,Pre-demographic dividend
6110,SST,,Small states
6111,SAS,,South Asia
6112,TSA,,South Asia (IDA & IBRD)
6113,SSF,,Sub-Saharan Africa
6114,SSA,,Sub-Saharan Africa (excluding high income)
6115,TSS,,Sub-Saharan Africa (IDA & IBRD countries)
6116,UMC,,Upper middle income
6117,WLD,,World
6131,BHS,Bahamas,"Bahamas, The"
6141,BOL,Bolivia (Plurinational State of),Bolivia
6157,CHI,,Channel Islands
6162,COD,Democratic Republic of the Congo,"Congo, Dem. Rep."
6163,COG,Congo,"Congo, Rep."
6165,CIV,Côte d’Ivoire,Cote d'Ivoire
6168,CUW,Curaçao,Curacao
6176,EGY,Egypt,"Egypt, Arab Rep."
6189,GMB,Gambia,"Gambia, The"
6204,HKG,"China, Hong Kong Special Administrative Region","Hong Kong SAR, China"
6209,IRN,Iran (Islamic Republic of),"Iran, Islamic Rep."
6221,PRK,Democratic People's Republic of Korea,"Korea, Dem. People's Rep."
6222,KOR,Republic of Korea,"Korea, Rep."
6223,XKX,,Kosovo
6225,KGZ,Kyrgyzstan,Kyrgyz Republic
6226,LAO,Lao People's Democratic Republic,Lao PDR
6235,MAC,"China, Macao Special Administrative Region","Macao SAR, China"
6246,FSM,Micronesia (Federated States of),"Micronesia, Fed. Sts."
6247,MDA,Republic of Moldova,Moldova
6257,NLD,Netherlands (Kingdom of the),Netherlands
6291,SVK,Slovakia,Slovak Republic
6299,KNA,Saint Kitts and Nevis,St. Kitts and Nevis
6300,LCA,Saint Lucia,St. Lucia
6301,MAF,Saint Martin (French Part),St. Martin (French part)
6302,VCT,Saint Vincent and the Grenadines,St. Vincent and the Grenadines
6309,TZA,United Republic of Tanzania,Tanzania
6316,TUR,Türkiye,Turkiye
6323,GBR,United Kingdom of Great Britain and Northern Ireland,United Kingdom
6324,USA,United States of America,United States
6328,VEN,Venezuela (Bolivarian Republic of),"Venezuela, RB"
6330,VIR,United States Virgin Islands,Virgin Islands (U.S.)
6331,PSE,State of Palestine,West Bank and Gaza
6332,YEM,Yemen,"Yemen, Rep."
6335,AFE,,Africa Eastern and Southern
6336,AFW,,Africa Western and Central
6337,ARB,,Arab World
6338,CSS,,Caribbean small states
6339,CEB,,Central Europe and the Baltics
6340,EAR,,Early-demographic dividend
6341,EAS,,East Asia & Pacific
6342,EAP,,East Asia & Pacific (excluding high income)
6343,TEA,,East Asia & Pacific (IDA & IBRD countries)
6344,EMU,,Euro area
6345,ECS,,Europe & Central Asia
6346,ECA,,Europe & Central Asia (excluding high income)
6347,TEC,,Europe & Central Asia (IDA & IBRD countries)
6348,EUU,,European Union
6349,FCS,,Fragile and conflict affected situations
6350,HPC,,Heavily indebted poor countries (HIPC)
6351,HIC,,High income
6352,IBD,,IBRD only
6353,IBT,,IDA & IBRD total
6354,IDB,,IDA blend
6355,IDX,,IDA only
6356,IDA,,IDA total
6357,LTE,,Late-demographic dividend
6358,LCN,,Latin America & Caribbean
6359,LAC,,Latin America & Caribbean (excluding high income)
6360,TLA,,Latin America & the Caribbean (IDA & IBRD countries)
6361,LDC,,Least developed countries: UN classification
6362,LMY,,Low & middle income
6363,LIC,,Low income
6364,LMC,,Lower middle income
6365,MEA,,Middle East & North Africa
6366,MNA,,Middle East & North Africa (excluding high income)
6367,TMN,,Middle East & North Africa (IDA & IBRD countries)
6368,MIC,,Middle income
6369,NAC,,North America
6370,INX,,Not classified
6371,OED,,OECD members
6372,OSS,,Other small states
6373,PSS,,Pacific island small states
6374,PST,,Post-demographic dividend
6375,PRE,,Pre-demographic dividend
6376,SST,,Small states
6377,SAS,,South Asia
6378,TSA,,South Asia (IDA & IBRD)
6379,SSF,,Sub-Saharan Africa
6380,SSA,,Sub-Saharan Africa (excluding high income)
6381,TSS,,Sub-Saharan Africa (IDA & IBRD countries)
6382,UMC,,Upper middle income
6383,WLD,,World
6397,BHS,Bahamas,"Bahamas, The"
6407,BOL,Bolivia (Plurinational State of),Bolivia
6423,CHI,,Channel Islands
6428,COD,Democratic Republic of the Congo,"Congo, Dem. Rep."
6429,COG,Congo,"Congo, Rep."
6431,CIV,Côte d’Ivoire,Cote d'Ivoire
6434,CUW,Curaçao,Curacao
6442,EGY,Egypt,"Egypt, Arab Rep."
6455,GMB,Gambia,"Gambia, The"
6470,HKG,"China, Hong Kong Special Administrative Region","Hong Kong SAR, China"
6475,IRN,Iran (Islamic Republic of),"Iran, Islamic Rep."
6487,PRK,Democratic People's Republic of Korea,"Korea, Dem. People's Rep."
6488,KOR,Republic of Korea,"Korea, Rep."
6489,XKX,,Kosovo
6491,KGZ,Kyrgyzstan,Kyrgyz Republic
6492,LAO,Lao People's Democratic Republic,Lao PDR
6501,MAC,"China, Macao Special Administrative Region","Macao SAR, China"
6512,FSM,Micronesia (Federated States of),"Micronesia, Fed. Sts."
6513,MDA,Republic of Moldova,Moldova
6523,NLD,Netherlands (Kingdom of the),Netherlands
6557,SVK,Slovakia,Slovak Republic
6565,KNA,Saint Kitts and Nevis,St. Kitts and Nevis
6566,LCA,Saint Lucia,St. Lucia
6567,MAF,Saint Martin (French Part),St. Martin (French part)
6568,VCT,Saint Vincent and the Grenadines,St. Vincent and the Grenadines
6575,TZA,United Republic of Tanzania,Tanzania
6582,TUR,Türkiye,Turkiye
6589,GBR,United Kingdom of Great Britain and Northern Ireland,United Kingdom
6590,USA,United States of America,United States
6594,VEN,Venezuela (Bolivarian Republic of),"Venezuela, RB"
6596,VIR,United States Virgin Islands,Virgin Islands (U.S.)
6597,PSE,State of Palestine,West Bank and Gaza
6598,YEM,Yemen,"Yemen, Rep."
6601,AFE,,Africa Eastern and Southern
6602,AFW,,Africa Western and Central
6603,ARB,,Arab World
6604,CSS,,Caribbean small states
6605,CEB,,Central Europe and the Baltics
6606,EAR,,Early-demographic dividend
6607,EAS,,East Asia & Pacific
6608,EAP,,East Asia & Pacific (excluding high income)
6609,TEA,,East Asia & Pacific (IDA & IBRD countries)
6610,EMU,,Euro area
6611,ECS,,Europe & Central Asia
6612,ECA,,Europe & Central Asia (excluding high income)
6613,TEC,,Europe & Central Asia (IDA & IBRD countries)
6614,EUU,,European Union
6615,FCS,,Fragile and conflict affected situations
6616,HPC,,Heavily indebted poor countries (HIPC)
6617,HIC,,High income
6618,IBD,,IBRD only
6619,IBT,,IDA & IBRD total
6620,IDB,,IDA blend
6621,IDX,,IDA only
6622,IDA,,IDA total
6623,LTE,,Late-demographic dividend
6624,LCN,,Latin America & Caribbean
6625,LAC,,Latin America & Caribbean (excluding high income)
6626,TLA,,Latin America & the Caribbean (IDA & IBRD countries)
6627,LDC,,Least developed countries: UN classification
6628,LMY,,Low & middle income
6629,LIC,,Low income
6630,LMC,,Lower middle income
6631,MEA,,Middle East & North Africa
6632,MNA,,Middle East & North Africa (excluding high income)
6633,TMN,,Middle East & North Africa (IDA & IBRD countries)
6634,MIC,,Middle income
6635,NAC,,North America
6636,INX,,Not classified
6637,OED,,OECD members
6638,OSS,,Other small states
6639,PSS,,Pacific island small states
6640,PST,,Post-demographic dividend
6641,PRE,,Pre-demographic dividend
6642,SST,,Small states
6643,SAS,,South Asia
6644,TSA,,South Asia (IDA & IBRD)
6645,SSF,,Sub-Saharan Africa
6646,SSA,,Sub-Saharan Africa (excluding high income)
6647,TSS,,Sub-Saharan Africa (IDA & IBRD countries)
6648,UMC,,Upper middle income
6649,WLD,,World
6663,BHS,Bahamas,"Bahamas, The"
6673,BOL,Bolivia (Plurinational State of),Bolivia
6689,CHI,,Channel Islands
6694,COD,Democratic Republic of the Congo,"Congo, Dem. Rep."
6695,COG,Congo,"Congo, Rep."
6697,CIV,Côte d’Ivoire,Cote d'Ivoire
6700,CUW,Curaçao,Curacao
6708,EGY,Egypt,"Egypt, Arab Rep."
6721,GMB,Gambia,"Gambia, The"
6736,HKG,"China, Hong Kong Special Administrative Region","Hong Kong SAR, China"
6741,IRN,Iran (Islamic Republic of),"Iran, Islamic Rep."
6753,PRK,Democratic People's Republic of Korea,"Korea, Dem. People's Rep."
6754,KOR,Republic of Korea,"Korea, Rep."
6755,XKX,,Kosovo
6757,KGZ,Kyrgyzstan,Kyrgyz Republic
6758,LAO,Lao People's Democratic Republic,Lao PDR
6767,MAC,"China, Macao Special Administrative Region","Macao SAR, China"
6778,FSM,Micronesia (Federated States of),"Micronesia, Fed. Sts."
6779,MDA,Republic of Moldova,Moldova
6789,NLD,Netherlands (Kingdom of the),Netherlands
6823,SVK,Slovakia,Slovak Republic
6831,KNA,Saint Kitts and Nevis,St. Kitts and Nevis
6832,LCA,Saint Lucia,St. Lucia
6833,MAF,Saint Martin (French Part),St. Martin (French part)
6834,VCT,Saint Vincent and the Grenadines,St. Vincent and the Grenadines
6841,TZA,United Republic of Tanzania,Tanzania
6848,TUR,Türkiye,Turkiye
6855,GBR,United Kingdom of Great Britain and Northern Ireland,United Kingdom
6856,USA,United States of America,United States
6860,VEN,Venezuela (Bolivarian Republic of),"Venezuela, RB"
6862,VIR,United States Virgin Islands,Virgin Islands (U.S.)
6863,PSE,State of Palestine,West Bank and Gaza
6864,YEM,Yemen,"Yemen, Rep."
6867,AFE,,Africa Eastern and Southern
6868,AFW,,Africa Western and Central
6869,ARB,,Arab World
6870,CSS,,Caribbean small states
6871,CEB,,Central Europe and the Baltics
6872,EAR,,Early-demographic dividend
6873,EAS,,East Asia & Pacific
6874,EAP,,East Asia & Pacific (excluding high income)
6875,TEA,,East Asia & Pacific (IDA & IBRD countries)
6876,EMU,,Euro area
6877,ECS,,Europe & Central Asia
6878,ECA,,Europe & Central Asia (excluding high income)
6879,TEC,,Europe & Central Asia (IDA & IBRD countries)
6880,EUU,,European Union
6881,FCS,,Fragile and conflict affected situations
6882,HPC,,Heavily indebted poor countries (HIPC)
6883,HIC,,High income
6884,IBD,,IBRD only
6885,IBT,,IDA & IBRD total
6886,IDB,,IDA blend
6887,IDX,,IDA only
6888,IDA,,IDA total
6889,LTE,,Late-demographic dividend
6890,LCN,,Latin America & Caribbean
6891,LAC,,Latin America & Caribbean (excluding high income)
6892,TLA,,Latin America & the Caribbean (IDA & IBRD countries)
6893,LDC,,Least developed countries: UN classification
6894,LMY,,Low & middle income
6895,LIC,,Low income
6896,LMC,,Lower middle income
6897,MEA,,Middle East & North Africa
6898,MNA,,Middle East & North Africa (excluding high income)
6899,TMN,,Middle East & North Africa (IDA & IBRD countries)
6900,MIC,,Middle income
6901,NAC,,North America
6902,INX,,Not classified
6903,OED,,OECD members
6904,OSS,,Other small states
6905,PSS,,Pacific island small states
6906,PST,,Post-demographic dividend
6907,PRE,,Pre-demographic dividend
6908,SST,,Small states
6909,SAS,,South Asia
6910,TSA,,South Asia (IDA & IBRD)
6911,SSF,,Sub-Saharan Africa
6912,SSA,,Sub-Saharan Africa (excluding high income)
6913,TSS,,Sub-Saharan Africa (IDA & IBRD countries)
6914,UMC,,Upper middle income
6915,WLD,,World
6929,BHS,Bahamas,"Bahamas, The"
6939,BOL,Bolivia (Plurinational State of),Bolivia
6955,CHI,,Channel Islands
6960,COD,Democratic Republic of the Congo,"Congo, Dem. Rep."
6961,COG,Congo,"Congo, Rep."
6963,CIV,Côte d’Ivoire,Cote d'Ivoire
6966,CUW,Curaçao,Curacao
6974,EGY,Egypt,"Egypt, Arab Rep."
6987,GMB,Gambia,"Gambia, The"
7002,HKG,"China, Hong Kong Special Administrative Region","Hong Kong SAR, China"
7007,IRN,Iran (Islamic Republic of),"Iran, Islamic Rep."
7019,PRK,Democratic People's Republic of Korea,"Korea, Dem. People's Rep."
7020,KOR,Republic of Korea,"Korea, Rep."
7021,XKX,,Kosovo
7023,KGZ,Kyrgyzstan,Kyrgyz Republic
7024,LAO,Lao People's Democratic Republic,Lao PDR
7033,MAC,"China, Macao Special Administrative Region","Macao SAR, China"
7044,FSM,Micronesia (Federated States of),"Micronesia, Fed. Sts."
7045,MDA,Republic of Moldova,Moldova
7055,NLD,Netherlands (Kingdom of the),Netherlands
7089,SVK,Slovakia,Slovak Republic
7097,KNA,Saint Kitts and Nevis,St. Kitts and Nevis
7098,LCA,Saint Lucia,St. Lucia
7099,MAF,Saint Martin (French Part),St. Martin (French part)
7100,VCT,Saint Vincent and the Grenadines,St. Vincent and the Grenadines
7107,TZA,United Republic of Tanzania,Tanzania
7114,TUR,Türkiye,Turkiye
7121,GBR,United Kingdom of Great Britain and Northern Ireland,United Kingdom
7122,USA,United States of America,United States
7126,VEN,Venezuela (Bolivarian Republic of),"Venezuela, RB"
7128,VIR,United States Virgin Islands,Virgin Islands (U.S.)
7129,PSE,State of Palestine,West Bank and Gaza
7130,YEM,Yemen,"Yemen, Rep."
7133,AFE,,Africa Eastern and Southern
7134,AFW,,Africa Western and Central
7135,ARB,,Arab World
7136,CSS,,Caribbean small states
7137,CEB,,Central Europe and the Baltics
7138,EAR,,Early-demographic dividend
7139,EAS,,East Asia & Pacific
7140,EAP,,East Asia & Pacific (excluding high income)
7141,TEA,,East Asia & Pacific (IDA & IBRD countries)
7142,EMU,,Euro area
7143,ECS,,Europe & Central Asia
7144,ECA,,Europe & Central Asia (excluding high income)
7145,TEC,,Europe & Central Asia (IDA & IBRD countries)
7146,EUU,,European Union
7147,FCS,,Fragile and conflict affected situations
7148,HPC,,Heavily indebted poor countries (HIPC)
7149,HIC,,High income
7150,IBD,,IBRD only
7151,IBT,,IDA & IBRD total
7152,IDB,,IDA blend
7153,IDX,,IDA only
7154,IDA,,IDA total
7155,LTE,,Late-demographic dividend
7156,LCN,,Latin America & Caribbean
7157,LAC,,Latin America & Caribbean (excluding high income)
7158,TLA,,Latin America & the Caribbean (IDA & IBRD countries)
7159,LDC,,Least developed countries: UN classification
7160,LMY,,Low & middle income
7161,LIC,,Low income
7162,LMC,,Lower middle income
7163,MEA,,Middle East & North Africa
7164,MNA,,Middle East & North Africa (excluding high income)
7165,TMN,,Middle East & North Africa (IDA & IBRD countries)
7166,MIC,,Middle income
7167,NAC,,North America
7168,INX,,Not classified
7169,OED,,OECD members
7170,OSS,,Other small states
7171,PSS,,Pacific island small states
7172,PST,,Post-demographic dividend
7173,PRE,,Pre-demographic dividend
7174,SST,,Small states
7175,SAS,,South Asia
7176,TSA,,South Asia (IDA & IBRD)
7177,SSF,,Sub-Saharan Africa
7178,SSA,,Sub-Saharan Africa (excluding high income)
7179,TSS,,Sub-Saharan Africa (IDA & IBRD countries)
7180,UMC,,Upper middle income
7181,WLD,,World
7195,BHS,Bahamas,"Bahamas, The"
7205,BOL,Bolivia (Plurinational State of),Bolivia
7221,CHI,,Channel Islands
7226,COD,Democratic Republic of the Congo,"Congo, Dem. Rep."
7227,COG,Congo,"Congo, Rep."
7229,CIV,Côte d’Ivoire,Cote d'Ivoire
7232,CUW,Curaçao,Curacao
7240,EGY,Egypt,"Egypt, Arab Rep."
7253,GMB,Gambia,"Gambia, The"
7268,HKG,"China, Hong Kong Special Administrative Region","Hong Kong SAR, China"
7273,IRN,Iran (Islamic Republic of),"Iran, Islamic Rep."
7285,PRK,Democratic People's Republic of Korea,"Korea, Dem. People's Rep."
7286,KOR,Republic of Korea,"Korea, Rep."
7287,XKX,,Kosovo
7289,KGZ,Kyrgyzstan,Kyrgyz Republic
7290,LAO,Lao People's Democratic Republic,Lao PDR
7299,MAC,"China, Macao Special Administrative Region","Macao SAR, China"
7310,FSM,Micronesia (Federated States of),"Micronesia, Fed. Sts."
7311,MDA,Republic of Moldova,Moldova
7321,NLD,Netherlands (Kingdom of the),Netherlands
7355,SVK,Slovakia,Slovak Republic
7363,KNA,Saint Kitts and Nevis,St. Kitts and Nevis
7364,LCA,Saint Lucia,St. Lucia
7365,MAF,Saint Martin (French Part),St. Martin (French part)
7366,VCT,Saint Vincent and the Grenadines,St. Vincent and the Grenadines
7373,TZA,United Republic of Tanzania,Tanzania
7380,TUR,Türkiye,Turkiye
7387,GBR,United Kingdom of Great Britain and Northern Ireland,United Kingdom
7388,USA,United States of America,United States
7392,VEN,Venezuela (Bolivarian Republic of),"Venezuela, RB"
7394,VIR,United States Virgin Islands,Virgin Islands (U.S.)
7395,PSE,State of Palestine,West Bank and Gaza
7396,YEM,Yemen,"Yemen, Rep."
7399,AFE,,Africa Eastern and Southern
7400,AFW,,Africa Western and Central
7401,ARB,,Arab World
7402,CSS,,Caribbean small states
7403,CEB,,Central Europe and the Baltics
7404,EAR,,Early-demographic dividend
7405,EAS,,East Asia & Pacific
7406,EAP,,East Asia & Pacific (excluding high income)
7407,TEA,,East Asia & Pacific (IDA & IBRD countries)
7408,EMU,,Euro area
7409,ECS,,Europe & Central Asia
7410,ECA,,Europe & Central Asia (excluding high income)
7411,TEC,,Europe & Central Asia (IDA & IBRD countries)
7412,EUU,,European Union
7413,FCS,,Fragile and conflict affected situations
7414,HPC,,Heavily indebted poor countries (HIPC)
7415,HIC,,High income
7416,IBD,,IBRD only
7417,IBT,,IDA & IBRD total
7418,IDB,,IDA blend
7419,IDX,,IDA only
7420,IDA,,IDA total
7421,LTE,,Late-demographic dividend
7422,LCN,,Latin America & Caribbean
7423,LAC,,Latin America & Caribbean (excluding high income)
7424,TLA,,Latin America & the Caribbean (IDA & IBRD countries)
7425,LDC,,Least developed countries: UN classification
7426,LMY,,Low & middle income
7427,LIC,,Low income
7428,LMC,,Lower middle income
7429,MEA,,Middle East & North Africa
7430,MNA,,Middle East & North Africa (excluding high income)
7431,TMN,,Middle East & North Africa (IDA & IBRD countries)
7432,MIC,,Middle income
7433,NAC,,North America
7434,INX,,Not classified
7435,OED,,OECD members
7436,OSS,,Other small states
7437,PSS,,Pacific island small states
7438,PST,,Post-demographic dividend
7439,PRE,,Pre-demographic dividend
7440,SST,,Small states
7441,SAS,,South Asia
7442,TSA,,South Asia (IDA & IBRD)
7443,SSF,,Sub-Saharan Africa
7444,SSA,,Sub-Saharan Africa (excluding high income)
7445,TSS,,Sub-Saharan Africa (IDA & IBRD countries)
7446,UMC,,Upper middle income
7447,WLD,,World
7461,BHS,Bahamas,"Bahamas, The"
7471,BOL,Bolivia (Plurinational State of),Bolivia
7487,CHI,,Channel Islands
7492,COD,Democratic Republic of the Congo,"Congo, Dem. Rep."
7493,COG,Congo,"Congo, Rep."
7495,CIV,Côte d’Ivoire,Cote d'Ivoire
7498,CUW,Curaçao,Curacao
7506,EGY,Egypt,"Egypt, Arab Rep."
7519,GMB,Gambia,"Gambia, The"
7534,HKG,"China, Hong Kong Special Administrative Region","Hong Kong SAR, China"
7539,IRN,Iran (Islamic Republic of),"Iran, Islamic Rep."
7551,PRK,Democratic People's Republic of Korea,"Korea, Dem. People's Rep."
7552,KOR,Republic of Korea,"Korea, Rep."
7553,XKX,,Kosovo
7555,KGZ,Kyrgyzstan,Kyrgyz Republic
7556,LAO,Lao People's Democratic Republic,Lao PDR
7565,MAC,"China, Macao Special Administrative Region","Macao SAR, China"
7576,FSM,Micronesia (Federated States of),"Micronesia, Fed. Sts."
7577,MDA,Republic of Moldova,Moldova
7587,NLD,Netherlands (Kingdom of the),Netherlands
7621,SVK,Slovakia,Slovak Republic
7629,KNA,Saint Kitts and Nevis,St. Kitts and Nevis
7630,LCA,Saint Lucia,St. Lucia
7631,MAF,Saint Martin (French Part),St. Martin (French part)
7632,VCT,Saint Vincent and the Grenadines,St. Vincent and the Grenadines
7639,TZA,United Republic of Tanzania,Tanzania
7646,TUR,Türkiye,Turkiye
7653,GBR,United Kingdom of Great Britain and Northern Ireland,United Kingdom
7654,USA,United States of America,United States
7658,VEN,Venezuela (Bolivarian Republic of),"Venezuela, RB"
7660,VIR,United States Virgin Islands,Virgin Islands (U.S.)
7661,PSE,State of Palestine,West Bank and Gaza
7662,YEM,Yemen,"Yemen, Rep."
7665,AFE,,Africa Eastern and Southern
7666,AFW,,Africa Western and Central
7667,ARB,,Arab World
7668,CSS,,Caribbean small states
7669,CEB,,Central Europe and the Baltics
7670,EAR,,Early-demographic dividend
7671,EAS,,East Asia & Pacific
7672,EAP,,East Asia & Pacific (excluding high income)
7673,TEA,,East Asia & Pacific (IDA & IBRD countries)
7674,EMU,,Euro area
7675,ECS,,Europe & Central Asia
7676,ECA,,Europe & Central Asia (excluding high income)
7677,TEC,,Europe & Central Asia (IDA & IBRD countries)
7678,EUU,,European Union
7679,FCS,,Fragile and conflict affected situations
7680,HPC,,Heavily indebted poor countries (HIPC)
7681,HIC,,High income
7682,IBD,,IBRD only
7683,IBT,,IDA & IBRD total
7684,IDB,,IDA blend
7685,IDX,,IDA only
7686,IDA,,IDA total
7687,LTE,,Late-demographic dividend
7688,LCN,,Latin America & Caribbean
7689,LAC,,Latin America & Caribbean (excluding high income)
7690,TLA,,Latin America & the Caribbean (IDA & IBRD countries)
7691,LDC,,Least developed countries: UN classification
7692,LMY,,Low & middle income
7693,LIC,,Low income
7694,LMC,,Lower middle income
7695,MEA,,Middle East & North Africa
7696,MNA,,Middle East & North Africa (excluding high income)
7697,TMN,,Middle East & North Africa (IDA & IBRD countries)
7698,MIC,,Middle income
7699,NAC,,North America
7700,INX,,Not classified
7701,OED,,OECD members
7702,OSS,,Other small states
7703,PSS,,Pacific island small states
7704,PST,,Post-demographic dividend
7705,PRE,,Pre-demographic dividend
7706,SST,,Small states
7707,SAS,,South Asia
7708,TSA,,South Asia (IDA & IBRD)
7709,SSF,,Sub-Saharan Africa
7710,SSA,,Sub-Saharan Africa (excluding high income)
7711,TSS,,Sub-Saharan Africa (IDA & IBRD countries)
7712,UMC,,Upper middle income
7713,WLD,,World
7727,BHS,Bahamas,"Bahamas, The"
7737,BOL,Bolivia (Plurinational State of),Bolivia
7753,CHI,,Channel Islands
7758,COD,Democratic Republic of the Congo,"Congo, Dem. Rep."
7759,COG,Congo,"Congo, Rep."
7761,CIV,Côte d’Ivoire,Cote d'Ivoire
7764,CUW,Curaçao,Curacao
7772,EGY,Egypt,"Egypt, Arab Rep."
7785,GMB,Gambia,"Gambia, The"
7800,HKG,"China, Hong Kong Special Administrative Region","Hong Kong SAR, China"
7805,IRN,Iran (Islamic Republic of),"Iran, Islamic Rep."
7817,PRK,Democratic People's Republic of Korea,"Korea, Dem. People's Rep."
7818,KOR,Republic of Korea,"Korea, Rep."
7819,XKX,,Kosovo
7821,KGZ,Kyrgyzstan,Kyrgyz Republic
7822,LAO,Lao People's Democratic Republic,Lao PDR
7831,MAC,"China, Macao Special Administrative Region","Macao SAR, China"
7842,FSM,Micronesia (Federated States of),"Micronesia, Fed. Sts."
7843,MDA,Republic of Moldova,Moldova
7853,NLD,Netherlands (Kingdom of the),Netherlands
7887,SVK,Slovakia,Slovak Republic
7895,KNA,Saint Kitts and Nevis,St. Kitts and Nevis
7896,LCA,Saint Lucia,St. Lucia
7897,MAF,Saint Martin (French Part),St. Martin (French part)
7898,VCT,Saint Vincent and the Grenadines,St. Vincent and the Grenadines
7905,TZA,United Republic of Tanzania,Tanzania
7912,TUR,Türkiye,Turkiye
7919,GBR,United Kingdom of Great Britain and Northern Ireland,United Kingdom
7920,USA,United States of America,United States
7924,VEN,Venezuela (Bolivarian Republic of),"Venezuela, RB"
7926,VIR,United States Virgin Islands,Virgin Islands (U.S.)
7927,PSE,State of Palestine,West Bank and Gaza
7928,YEM,Yemen,"Yemen, Rep."
7931,AFE,,Africa Eastern and Southern
7932,AFW,,Africa Western and Central
7933,ARB,,Arab World
7934,CSS,,Caribbean small states
7935,CEB,,Central Europe and the Baltics
7936,EAR,,Early-demographic dividend
7937,EAS,,East Asia & Pacific
7938,EAP,,East Asia & Pacific (excluding high income)
7939,TEA,,East Asia & Pacific (IDA & IBRD countries)
7940,EMU,,Euro area
7941,ECS,,Europe & Central Asia
7942,ECA,,Europe & Central Asia (excluding high income)
7943,TEC,,Europe & Central Asia (IDA & IBRD countries)
7944,EUU,,European Union
7945,FCS,,Fragile and conflict affected situations
7946,HPC,,Heavily indebted poor countries (HIPC)
7947,HIC,,High income
7948,IBD,,IBRD only
7949,IBT,,IDA & IBRD total
7950,IDB,,IDA blend
7951,IDX,,IDA only
7952,IDA,,IDA total
7953,LTE,,Late-demographic dividend
7954,LCN,,Latin America & Caribbean
7955,LAC,,Latin America & Caribbean (excluding high income)
7956,TLA,,Latin America & the Caribbean (IDA & IBRD countries)
7957,LDC,,Least developed countries: UN classification
7958,LMY,,Low & middle income
7959,LIC,,Low income
7960,LMC,,Lower middle income
7961,MEA,,Middle East & North Africa
7962,MNA,,Middle East & North Africa (excluding high income)
7963,TMN,,Middle East & North Africa (IDA & IBRD countries)
7964,MIC,,Middle income
7965,NAC,,North America
7966,INX,,Not classified
7967,OED,,OECD members
7968,OSS,,Other small states
7969,PSS,,Pacific island small states
7970,PST,,Post-demographic dividend
7971,PRE,,Pre-demographic dividend
7972,SST,,Small states
7973,SAS,,South Asia
7974,TSA,,South Asia (IDA & IBRD)
7975,SSF,,Sub-Saharan Africa
7976,SSA,,Sub-Saharan Africa (excluding high income)
7977,TSS,,Sub-Saharan Africa (IDA & IBRD countries)
7978,UMC,,Upper middle income
7979,WLD,,World
7993,BHS,Bahamas,"Bahamas, The"
8003,BOL,Bolivia (Plurinational State of),Bolivia
8019,CHI,,Channel Islands
8024,COD,Democratic Republic of the Congo,"Congo, Dem. Rep."
8025,COG,Congo,"Congo, Rep."
8027,CIV,Côte d’Ivoire,Cote d'Ivoire
8030,CUW,Curaçao,Curacao
8038,EGY,Egypt,"Egypt, Arab Rep."
8051,GMB,Gambia,"Gambia, The"
8066,HKG,"China, Hong Kong Special Administrative Region","Hong Kong SAR, China"
8071,IRN,Iran (Islamic Republic of),"Iran, Islamic Rep."
8083,PRK,Democratic People's Republic of Korea,"Korea, Dem. People's Rep."
8084,KOR,Republic of Korea,"Korea, Rep."
8085,XKX,,Kosovo
8087,KGZ,Kyrgyzstan,Kyrgyz Republic
8088,LAO,Lao People's Democratic Republic,Lao PDR
8097,MAC,"China, Macao Special Administrative Region","Macao SAR, China"
8108,FSM,Micronesia (Federated States of),"Micronesia, Fed. Sts."
8109,MDA,Republic of Moldova,Moldova
8119,NLD,Netherlands (Kingdom of the),Netherlands
8153,SVK,Slovakia,Slovak Republic
8161,KNA,Saint Kitts and Nevis,St. Kitts and Nevis
8162,LCA,Saint Lucia,St. Lucia
8163,MAF,Saint Martin (French Part),St. Martin (French part)
8164,VCT,Saint Vincent and the Grenadines,St. Vincent and the Grenadines
8171,TZA,United Republic of Tanzania,Tanzania
8178,TUR,Türkiye,Turkiye
8185,GBR,United Kingdom of Great Britain and Northern Ireland,United Kingdom
8186,USA,United States of America,United States
8190,VEN,Venezuela (Bolivarian Republic of),"Venezuela, RB"
8192,VIR,United States Virgin Islands,Virgin Islands (U.S.)
8193,PSE,State of Palestine,West Bank and Gaza
8194,YEM,Yemen,"Yemen, Rep."
8197,AFE,,Africa Eastern and Southern
8198,AFW,,Africa Western and Central
8199,ARB,,Arab World
8200,CSS,,Caribbean small states
8201,CEB,,Central Europe and the Baltics
8202,EAR,,Early-demographic dividend
8203,EAS,,East Asia & Pacific
8204,EAP,,East Asia & Pacific (excluding high income)
8205,TEA,,East Asia & Pacific (IDA & IBRD countries)
8206,EMU,,Euro area
8207,ECS,,Europe & Central Asia
8208,ECA,,Europe & Central Asia (excluding high income)
8209,TEC,,Europe & Central Asia (IDA & IBRD countries)
8210,EUU,,European Union
8211,FCS,,Fragile and conflict affected situations
8212,HPC,,Heavily indebted poor countries (HIPC)
8213,HIC,,High income
8214,IBD,,IBRD only
8215,IBT,,IDA & IBRD total
8216,IDB,,IDA blend
8217,IDX,,IDA only
8218,IDA,,IDA total
8219,LTE,,Late-demographic dividend
8220,LCN,,Latin America & Caribbean
8221,LAC,,Latin America & Caribbean (excluding high income)
8222,TLA,,Latin America & the Caribbean (IDA & IBRD countries)
8223,LDC,,Least developed countries: UN classification
8224,LMY,,Low & middle income
8225,LIC,,Low income
8226,LMC,,Lower middle income
8227,MEA,,Middle East & North Africa
8228,MNA,,Middle East & North Africa (excluding high income)
8229,TMN,,Middle East & North Africa (IDA & IBRD countries)
8230,MIC,,Middle income
8231,NAC,,North America
8232,INX,,Not classified
8233,OED,,OECD members
8234,OSS,,Other small states
8235,PSS,,Pacific island small states
8236,PST,,Post-demographic dividend
8237,PRE,,Pre-demographic dividend
8238,SST,,Small states
8239,SAS,,South Asia
8240,TSA,,South Asia (IDA & IBRD)
8241,SSF,,Sub-Saharan Africa
8242,SSA,,Sub-Saharan Africa (excluding high income)
8243,TSS,,Sub-Saharan Africa (IDA & IBRD countries)
8244,UMC,,Upper middle income
8245,WLD,,World
8259,BHS,Bahamas,"Bahamas, The"
8269,BOL,Bolivia (Plurinational State of),Bolivia
8285,CHI,,Channel Islands
8290,COD,Democratic Republic of the Congo,"Congo, Dem. Rep."
8291,COG,Congo,"Congo, Rep."
8293,CIV,Côte d’Ivoire,Cote d'Ivoire
8296,CUW,Curaçao,Curacao
8304,EGY,Egypt,"Egypt, Arab Rep."
8317,GMB,Gambia,"Gambia, The"
8332,HKG,"China, Hong Kong Special Administrative Region","Hong Kong SAR, China"
8337,IRN,Iran (Islamic Republic of),"Iran, Islamic Rep."
8349,PRK,Democratic People's Republic of Korea,"Korea, Dem. People's Rep."
8350,KOR,Republic of Korea,"Korea, Rep."
8351,XKX,,Kosovo
8353,KGZ,Kyrgyzstan,Kyrgyz Republic
8354,LAO,Lao People's Democratic Republic,Lao PDR
8363,MAC,"China, Macao Special Administrative Region","Macao SAR, China"
8374,FSM,Micronesia (Federated States of),"Micronesia, Fed. Sts."
8375,MDA,Republic of Moldova,Moldova
8385,NLD,Netherlands (Kingdom of the),Netherlands
8419,SVK,Slovakia,Slovak Republic
8427,KNA,Saint Kitts and Nevis,St. Kitts and Nevis
8428,LCA,Saint Lucia,St. Lucia
8429,MAF,Saint Martin (French Part),St. Martin (French part)
8430,VCT,Saint Vincent and the Grenadines,St. Vincent and the Grenadines
8437,TZA,United Republic of Tanzania,Tanzania
8444,TUR,Türkiye,Turkiye
8451,GBR,United Kingdom of Great Britain and Northern Ireland,United Kingdom
8452,USA,United States of America,United States
8456,VEN,Venezuela (Bolivarian Republic of),"Venezuela, RB"
8458,VIR,United States Virgin Islands,Virgin Islands (U.S.)
8459,PSE,State of Palestine,West Bank and Gaza
8460,YEM,Yemen,"Yemen, Rep."
8463,AFE,,Africa Eastern and Southern
8464,AFW,,Africa Western and Central
8465,ARB,,Arab World
8466,CSS,,Caribbean small states
8467,CEB,,Central Europe and the Baltics
8468,EAR,,Early-demographic dividend
8469,EAS,,East Asia & Pacific
8470,EAP,,East Asia & Pacific (excluding high income)
8471,TEA,,East Asia & Pacific (IDA & IBRD countries)
8472,EMU,,Euro area
8473,ECS,,Europe & Central Asia
8474,ECA,,Europe & Central Asia (excluding high income)
8475,TEC,,Europe & Central Asia (IDA & IBRD countries)
8476,EUU,,European Union
8477,FCS,,Fragile and conflict affected situations
8478,HPC,,Heavily indebted poor countries (HIPC)
8479,HIC,,High income
8480,IBD,,IBRD only
8481,IBT,,IDA & IBRD total
8482,IDB,,IDA blend
8483,IDX,,IDA only
8484,IDA,,IDA total
8485,LTE,,Late-demographic dividend
8486,LCN,,Latin America & Caribbean
8487,LAC,,Latin America & Caribbean (excluding high income)
8488,TLA,,Latin America & the Caribbean (IDA & IBRD countries)
8489,LDC,,Least developed countries: UN classification
8490,LMY,,Low & middle income
8491,LIC,,Low income
8492,LMC,,Lower middle income
8493,MEA,,Middle East & North Africa
8494,MNA,,Middle East & North Africa (excluding high income)
8495,TMN,,Middle East & North Africa (IDA & IBRD countries)
8496,MIC,,Middle income
8497,NAC,,North America
8498,INX,,Not classified
8499,OED,,OECD members
8500,OSS,,Other small states
8501,PSS,,Pacific island small states
8502,PST,,Post-demographic dividend
8503,PRE,,Pre-demographic dividend
8504,SST,,Small states
8505,SAS,,South Asia
8506,TSA,,South Asia (IDA & IBRD)
8507,SSF,,Sub-Saharan Africa
8508,SSA,,Sub-Saharan Africa (excluding high income)
8509,TSS,,Sub-Saharan Africa (IDA & IBRD countries)
8510,UMC,,Upper middle income
8511,WLD,,World
8525,BHS,Bahamas,"Bahamas, The"
8535,BOL,Bolivia (Plurinational State of),Bolivia
8551,CHI,,Channel Islands
8556,COD,Democratic Republic of the Congo,"Congo, Dem. Rep."
8557,COG,Congo,"Congo, Rep."
8559,CIV,Côte d’Ivoire,Cote d'Ivoire
8562,CUW,Curaçao,Curacao
8570,EGY,Egypt,"Egypt, Arab Rep."
8583,GMB,Gambia,"Gambia, The"
8598,HKG,"China, Hong Kong Special Administrative Region","Hong Kong SAR, China"
8603,IRN,Iran (Islamic Republic of),"Iran, Islamic Rep."
8615,PRK,Democratic People's Republic of Korea,"Korea, Dem. People's Rep."
8616,KOR,Republic of Korea,"Korea, Rep."
8617,XKX,,Kosovo
8619,KGZ,Kyrgyzstan,Kyrgyz Republic
8620,LAO,Lao People's Democratic Republic,Lao PDR
8629,MAC,"China, Macao Special Administrative Region","Macao SAR, China"
8640,FSM,Micronesia (Federated States of),"Micronesia, Fed. Sts."
8641,MDA,Republic of Moldova,Moldova
8651,NLD,Netherlands (Kingdom of the),Netherlands
8685,SVK,Slovakia,Slovak Republic
8693,KNA,Saint Kitts and Nevis,St. Kitts and Nevis
8694,LCA,Saint Lucia,St. Lucia
8695,MAF,Saint Martin (French Part),St. Martin (French part)
8696,VCT,Saint Vincent and the Grenadines,St. Vincent and the Grenadines
8703,TZA,United Republic of Tanzania,Tanzania
8710,TUR,Türkiye,Turkiye
8717,GBR,United Kingdom of Great Britain and Northern Ireland,United Kingdom
8718,USA,United States of America,United States
8722,VEN,Venezuela (Bolivarian Republic of),"Venezuela, RB"
8724,VIR,United States Virgin Islands,Virgin Islands (U.S.)
8725,PSE,State of Palestine,West Bank and Gaza
8726,YEM,Yemen,"Yemen, Rep."
8729,AFE,,Africa Eastern and Southern
8730,AFW,,Africa Western and Central
8731,ARB,,Arab World
8732,CSS,,Caribbean small states
8733,CEB,,Central Europe and the Baltics
8734,EAR,,Early-demographic dividend
8735,EAS,,East Asia & Pacific
8736,EAP,,East Asia & Pacific (excluding high income)
8737,TEA,,East Asia & Pacific (IDA & IBRD countries)
8738,EMU,,Euro area
8739,ECS,,Europe & Central Asia
8740,ECA,,Europe & Central Asia (excluding high income)
8741,TEC,,Europe & Central Asia (IDA & IBRD countries)
8742,EUU,,European Union
8743,FCS,,Fragile and conflict affected situations
8744,HPC,,Heavily indebted poor countries (HIPC)
8745,HIC,,High income
8746,IBD,,IBRD only
8747,IBT,,IDA & IBRD total
8748,IDB,,IDA blend
8749,IDX,,IDA only
8750,IDA,,IDA total
8751,LTE,,Late-demographic dividend
8752,LCN,,Latin America & Caribbean
8753,LAC,,Latin America & Caribbean (excluding high income)
8754,TLA,,Latin America & the Caribbean (IDA & IBRD countries)
8755,LDC,,Least developed countries: UN classification
8756,LMY,,Low & middle income
8757,LIC,,Low income
8758,LMC,,Lower middle income
8759,MEA,,Middle East & North Africa
8760,MNA,,Middle East & North Africa (excluding high income)
8761,TMN,,Middle East & North Africa (IDA & IBRD countries)
8762,MIC,,Middle income
8763,NAC,,North America
8764,INX,,Not classified
8765,OED,,OECD members
8766,OSS,,Other small states
8767,PSS,,Pacific island small states
8768,PST,,Post-demographic dividend
8769,PRE,,Pre-demographic dividend
8770,SST,,Small states
8771,SAS,,South Asia
8772,TSA,,South Asia (IDA & IBRD)
8773,SSF,,Sub-Saharan Africa
8774,SSA,,Sub-Saharan Africa (excluding high income)
8775,TSS,,Sub-Saharan Africa (IDA & IBRD countries)
8776,UMC,,Upper middle income
8777,WLD,,World
8791,BHS,Bahamas,"Bahamas, The"
8801,BOL,Bolivia (Plurinational State of),Bolivia
8817,CHI,,Channel Islands
8822,COD,Democratic Republic of the Congo,"Congo, Dem. Rep."
8823,COG,Congo,"Congo, Rep."
8825,CIV,Côte d’Ivoire,Cote d'Ivoire
8828,CUW,Curaçao,Curacao
8836,EGY,Egypt,"Egypt, Arab Rep."
8849,GMB,Gambia,"Gambia, The"
8864,HKG,"China, Hong Kong Special Administrative Region","Hong Kong SAR, China"
8869,IRN,Iran (Islamic Republic of),"Iran, Islamic Rep."
8881,PRK,Democratic People's Republic of Korea,"Korea, Dem. People's Rep."
8882,KOR,Republic of Korea,"Korea, Rep."
8883,XKX,,Kosovo
8885,KGZ,Kyrgyzstan,Kyrgyz Republic
8886,LAO,Lao People's Democratic Republic,Lao PDR
8895,MAC,"China, Macao Special Administrative Region","Macao SAR, China"
8906,FSM,Micronesia (Federated States of),"Micronesia, Fed. Sts."
8907,MDA,Republic of Moldova,Moldova
8917,NLD,Netherlands (Kingdom of the),Netherlands
8951,SVK,Slovakia,Slovak Republic
8959,KNA,Saint Kitts and Nevis,St. Kitts and Nevis
8960,LCA,Saint Lucia,St. Lucia
8961,MAF,Saint Martin (French Part),St. Martin (French part)
8962,VCT,Saint Vincent and the Grenadines,St. Vincent and the Grenadines
8969,TZA,United Republic of Tanzania,Tanzania
8976,TUR,Türkiye,Turkiye
8983,GBR,United Kingdom of Great Britain and Northern Ireland,United Kingdom
8984,USA,United States of America,United States
8988,VEN,Venezuela (Bolivarian Republic of),"Venezuela, RB"
8990,VIR,United States Virgin Islands,Virgin Islands (U.S.)
8991,PSE,State of Palestine,West Bank and Gaza
8992,YEM,Yemen,"Yemen, Rep."
8995,AFE,,Africa Eastern and Southern
8996,AFW,,Africa Western and Central
8997,ARB,,Arab World
8998,CSS,,Caribbean small states
8999,CEB,,Central Europe and the Baltics
9000,EAR,,Early-demographic dividend
9001,EAS,,East Asia & Pacific
9002,EAP,,East Asia & Pacific (excluding high income)
9003,TEA,,East Asia & Pacific (IDA & IBRD countries)
9004,EMU,,Euro area
9005,ECS,,Europe & Central Asia
9006,ECA,,Europe & Central Asia (excluding high income)
9007,TEC,,Europe & Central Asia (IDA & IBRD countries)
9008,EUU,,European Union
9009,FCS,,Fragile and conflict affected situations
9010,HPC,,Heavily indebted poor countries (HIPC)
9011,HIC,,High income
9012,IBD,,IBRD only
9013,IBT,,IDA & IBRD total
9014,IDB,,IDA blend
9015,IDX,,IDA only
9016,IDA,,IDA total
9017,LTE,,Late-demographic dividend
9018,LCN,,Latin America & Caribbean
9019,LAC,,Latin America & Caribbean (excluding high income)
9020,TLA,,Latin America & the Caribbean (IDA & IBRD countries)
9021,LDC,,Least developed countries: UN classification
9022,LMY,,Low & middle income
9023,LIC,,Low income
9024,LMC,,Lower middle income
9025,MEA,,Middle East & North Africa
9026,MNA,,Middle East & North Africa (excluding high income)
9027,TMN,,Middle East & North Africa (IDA & IBRD countries)
9028,MIC,,Middle income
9029,NAC,,North America
9030,INX,,Not classified
9031,OED,,OECD members
9032,OSS,,Other small states
9033,PSS,,Pacific island small states
9034,PST,,Post-demographic dividend
9035,PRE,,Pre-demographic dividend
9036,SST,,Small states
9037,SAS,,South Asia
9038,TSA,,South Asia (IDA & IBRD)
9039,SSF,,Sub-Saharan Africa
9040,SSA,,Sub-Saharan Africa (excluding high income)
9041,TSS,,Sub-Saharan Africa (IDA & IBRD countries)
9042,UMC,,Upper middle income
9043,WLD,,World
9057,BHS,Bahamas,"Bahamas, The"
9067,BOL,Bolivia (Plurinational State of),Bolivia
9083,CHI,,Channel Islands
9088,COD,Democratic Republic of the Congo,"Congo, Dem. Rep."
9089,COG,Congo,"Congo, Rep."
9091,CIV,Côte d’Ivoire,Cote d'Ivoire
9094,CUW,Curaçao,Curacao
9102,EGY,Egypt,"Egypt, Arab Rep."
9115,GMB,Gambia,"Gambia, The"
9130,HKG,"China, Hong Kong Special Administrative Region","Hong Kong SAR, China"
9135,IRN,Iran (Islamic Republic of),"Iran, Islamic Rep."
9147,PRK,Democratic People's Republic of Korea,"Korea, Dem. People's Rep."
9148,KOR,Republic of Korea,"Korea, Rep."
9149,XKX,,Kosovo
9151,KGZ,Kyrgyzstan,Kyrgyz Republic
9152,LAO,Lao People's Democratic Republic,Lao PDR
9161,MAC,"China, Macao Special Administrative Region","Macao SAR, China"
9172,FSM,Micronesia (Federated States of),"Micronesia, Fed. Sts."
9173,MDA,Republic of Moldova,Moldova
9183,NLD,Netherlands (Kingdom of the),Netherlands
9217,SVK,Slovakia,Slovak Republic
9225,KNA,Saint Kitts and Nevis,St. Kitts and Nevis
9226,LCA,Saint Lucia,St. Lucia
9227,MAF,Saint Martin (French Part),St. Martin (French part)
9228,VCT,Saint Vincent and the Grenadines,St. Vincent and the Grenadines
9235,TZA,United Republic of Tanzania,Tanzania
9242,TUR,Türkiye,Turkiye
9249,GBR,United Kingdom of Great Britain and Northern Ireland,United Kingdom
9250,USA,United States of America,United States
9254,VEN,Venezuela (Bolivarian Republic of),"Venezuela, RB"
9256,VIR,United States Virgin Islands,Virgin Islands (U.S.)
9257,PSE,State of Palestine,West Bank and Gaza
9258,YEM,Yemen,"Yemen, Rep."
9261,AFE,,Africa Eastern and Southern
9262,AFW,,Africa Western and Central
9263,ARB,,Arab World
9264,CSS,,Caribbean small states
9265,CEB,,Central Europe and the Baltics
9266,EAR,,Early-demographic dividend
9267,EAS,,East Asia & Pacific
9268,EAP,,East Asia & Pacific (excluding high income)
9269,TEA,,East Asia & Pacific (IDA & IBRD countries)
9270,EMU,,Euro area
9271,ECS,,Europe & Central Asia
9272,ECA,,Europe & Central Asia (excluding high income)
9273,TEC,,Europe & Central Asia (IDA & IBRD countries)
9274,EUU,,European Union
9275,FCS,,Fragile and conflict affected situations
9276,HPC,,Heavily indebted poor countries (HIPC)
9277,HIC,,High income
9278,IBD,,IBRD only
9279,IBT,,IDA & IBRD total
9280,IDB,,IDA blend
9281,IDX,,IDA only
9282,IDA,,IDA total
9283,LTE,,Late-demographic dividend
9284,LCN,,Latin America & Caribbean
9285,LAC,,Latin America & Caribbean (excluding high income)
9286,TLA,,Latin America & the Caribbean (IDA & IBRD countries)
9287,LDC,,Least developed countries: UN classification
9288,LMY,,Low & middle income
9289,LIC,,Low income
9290,LMC,,Lower middle income
9291,MEA,,Middle East & North Africa
9292,MNA,,Middle East & North Africa (excluding high income)
9293,TMN,,Middle East & North Africa (IDA & IBRD countries)
9294,MIC,,Middle income
9295,NAC,,North America
9296,INX,,Not classified
9297,OED,,OECD members
9298,OSS,,Other small states
9299,PSS,,Pacific island small states
9300,PST,,Post-demographic dividend
9301,PRE,,Pre-demographic dividend
9302,SST,,Small states
9303,SAS,,South Asia
9304,TSA,,South Asia (IDA & IBRD)
9305,SSF,,Sub-Saharan Africa
9306,SSA,,Sub-Saharan Africa (excluding high income)
9307,TSS,,Sub-Saharan Africa (IDA & IBRD countries)
9308,UMC,,Upper middle income
9309,WLD,,World
9323,BHS,Bahamas,"Bahamas, The"
9333,BOL,Bolivia (Plurinational State of),Bolivia
9349,CHI,,Channel Islands
9354,COD,Democratic Republic of the Congo,"Congo, Dem. Rep."
9355,COG,Congo,"Congo, Rep."
9357,CIV,Côte d’Ivoire,Cote d'Ivoire
9360,CUW,Curaçao,Curacao
9368,EGY,Egypt,"Egypt, Arab Rep."
9381,GMB,Gambia,"Gambia, The"
9396,HKG,"China, Hong Kong Special Administrative Region","Hong Kong SAR, China"
9401,IRN,Iran (Islamic Republic of),"Iran, Islamic Rep."
9413,PRK,Democratic People's Republic of Korea,"Korea, Dem. People's Rep."
9414,KOR,Republic of Korea,"Korea, Rep."
9415,XKX,,Kosovo
9417,KGZ,Kyrgyzstan,Kyrgyz Republic
9418,LAO,Lao People's Democratic Republic,Lao PDR
9427,MAC,"China, Macao Special Administrative Region","Macao SAR, China"
9438,FSM,Micronesia (Federated States of),"Micronesia, Fed. Sts."
9439,MDA,Republic of Moldova,Moldova
9449,NLD,Netherlands (Kingdom of the),Netherlands
9483,SVK,Slovakia,Slovak Republic
9491,KNA,Saint Kitts and Nevis,St. Kitts and Nevis
9492,LCA,Saint Lucia,St. Lucia
9493,MAF,Saint Martin (French Part),St. Martin (French part)
9494,VCT,Saint Vincent and the Grenadines,St. Vincent and the Grenadines
9501,TZA,United Republic of Tanzania,Tanzania
9508,TUR,Türkiye,Turkiye
9515,GBR,United Kingdom of Great Britain and Northern Ireland,United Kingdom
9516,USA,United States of America,United States
9520,VEN,Venezuela (Bolivarian Republic of),"Venezuela, RB"
9522,VIR,United States Virgin Islands,Virgin Islands (U.S.)
9523,PSE,State of Palestine,West Bank and Gaza
9524,YEM,Yemen,"Yemen, Rep."
9527,AFE,,Africa Eastern and Southern
9528,AFW,,Africa Western and Central
9529,ARB,,Arab World
9530,CSS,,Caribbean small states
9531,CEB,,Central Europe and the Baltics
9532,EAR,,Early-demographic dividend
9533,EAS,,East Asia & Pacific
9534,EAP,,East Asia & Pacific (excluding high income)
9535,TEA,,East Asia & Pacific (IDA & IBRD countries)
9536,EMU,,Euro area
9537,ECS,,Europe & Central Asia
9538,ECA,,Europe & Central Asia (excluding high income)
9539,TEC,,Europe & Central Asia (IDA & IBRD countries)
9540,EUU,,European Union
9541,FCS,,Fragile and conflict affected situations
9542,HPC,,Heavily indebted poor countries (HIPC)
9543,HIC,,High income
9544,IBD,,IBRD only
9545,IBT,,IDA & IBRD total
9546,IDB,,IDA blend
9547,IDX,,IDA only
9548,IDA,,IDA total
9549,LTE,,Late-demographic dividend
9550,LCN,,Latin America & Caribbean
9551,LAC,,Latin America & Caribbean (excluding high income)
9552,TLA,,Latin America & the Caribbean (IDA & IBRD countries)
9553,LDC,,Least developed countries: UN classification
9554,LMY,,Low & middle income
9555,LIC,,Low income
9556,LMC,,Lower middle income
9557,MEA,,Middle East & North Africa
9558,MNA,,Middle East & North Africa (excluding high income)
9559,TMN,,Middle East & North Africa (IDA & IBRD countries)
9560,MIC,,Middle income
9561,NAC,,North America
9562,INX,,Not classified
9563,OED,,OECD members
9564,OSS,,Other small states
9565,PSS,,Pacific island small states
9566,PST,,Post-demographic dividend
9567,PRE,,Pre-demographic dividend
9568,SST,,Small states
9569,SAS,,South Asia
9570,TSA,,South Asia (IDA & IBRD)
9571,SSF,,Sub-Saharan Africa
9572,SSA,,Sub-Saharan Africa (excluding high income)
9573,TSS,,Sub-Saharan Africa (IDA & IBRD countries)
9574,UMC,,Upper middle income
9575,WLD,,World
9589,BHS,Bahamas,"Bahamas, The"
9599,BOL,Bolivia (Plurinational State of),Bolivia
9615,CHI,,Channel Islands
9620,COD,Democratic Republic of the Congo,"Congo, Dem. Rep."
9621,COG,Congo,"Congo, Rep."
9623,CIV,Côte d’Ivoire,Cote d'Ivoire
9626,CUW,Curaçao,Curacao
9634,EGY,Egypt,"Egypt, Arab Rep."
9647,GMB,Gambia,"Gambia, The"
9662,HKG,"China, Hong Kong Special Administrative Region","Hong Kong SAR, China"
9667,IRN,Iran (Islamic Republic of),"Iran, Islamic Rep."
9679,PRK,Democratic People's Republic of Korea,"Korea, Dem. People's Rep."
9680,KOR,Republic of Korea,"Korea, Rep."
9681,XKX,,Kosovo
9683,KGZ,Kyrgyzstan,Kyrgyz Republic
9684,LAO,Lao People's Democratic Republic,Lao PDR
9693,MAC,"China, Macao Special Administrative Region","Macao SAR, China"
9704,FSM,Micronesia (Federated States of),"Micronesia, Fed. Sts."
9705,MDA,Republic of Moldova,Moldova
9715,NLD,Netherlands (Kingdom of the),Netherlands
9749,SVK,Slovakia,Slovak Republic
9757,KNA,Saint Kitts and Nevis,St. Kitts and Nevis
9758,LCA,Saint Lucia,St. Lucia
9759,MAF,Saint Martin (French Part),St. Martin (French part)
9760,VCT,Saint Vincent and the Grenadines,St. Vincent and the Grenadines
9767,TZA,United Republic of Tanzania,Tanzania
9774,TUR,Türkiye,Turkiye
9781,GBR,United Kingdom of Great Britain and Northern Ireland,United Kingdom
9782,USA,United States of America,United States
9786,VEN,Venezuela (Bolivarian Republic of),"Venezuela, RB"
9788,VIR,United States Virgin Islands,Virgin Islands (U.S.)
9789,PSE,State of Palestine,West Bank and Gaza
9790,YEM,Yemen,"Yemen, Rep."
9793,AFE,,Africa Eastern and Southern
9794,AFW,,Africa Western and Central
9795,ARB,,Arab World
9796,CSS,,Caribbean small states
9797,CEB,,Central Europe and the Baltics
9798,EAR,,Early-demographic dividend
9799,EAS,,East Asia & Pacific
9800,EAP,,East Asia & Pacific (excluding high income)
9801,TEA,,East Asia & Pacific (IDA & IBRD countries)
9802,EMU,,Euro area
9803,ECS,,Europe & Central Asia
9804,ECA,,Europe & Central Asia (excluding high income)
9805,TEC,,Europe & Central Asia (IDA & IBRD countries)
9806,EUU,,European Union
9807,FCS,,Fragile and conflict affected situations
9808,HPC,,Heavily indebted poor countries (HIPC)
9809,HIC,,High income
9810,IBD,,IBRD only
9811,IBT,,IDA & IBRD total
9812,IDB,,IDA blend
9813,IDX,,IDA only
9814,IDA,,IDA total
9815,LTE,,Late-demographic dividend
9816,LCN,,Latin America & Caribbean
9817,LAC,,Latin America & Caribbean (excluding high income)
9818,TLA,,Latin America & the Caribbean (IDA & IBRD countries)
9819,LDC,,Least developed countries: UN classification
9820,LMY,,Low & middle income
9821,LIC,,Low income
9822,LMC,,Lower middle income
9823,MEA,,Middle East & North Africa
9824,MNA,,Middle East & North Africa (excluding high income)
9825,TMN,,Middle East & North Africa (IDA & IBRD countries)
9826,MIC,,Middle income
9827,NAC,,North America
9828,INX,,Not classified
9829,OED,,OECD members
9830,OSS,,Other small states
9831,PSS,,Pacific island small states
9832,PST,,Post-demographic dividend
9833,PRE,,Pre-demographic dividend
9834,SST,,Small states
9835,SAS,,South Asia
9836,TSA,,South Asia (IDA & IBRD)
9837,SSF,,Sub-Saharan Africa
9838,SSA,,Sub-Saharan Africa (excluding high income)
9839,TSS,,Sub-Saharan Africa (IDA & IBRD countries)
9840,UMC,,Upper middle income
9841,WLD,,World
9855,BHS,Bahamas,"Bahamas, The"
9865,BOL,Bolivia (Plurinational State of),Bolivia
9881,CHI,,Channel Islands
9886,COD,Democratic Republic of the Congo,"Congo, Dem. Rep."
9887,COG,Congo,"Congo, Rep."
9889,CIV,Côte d’Ivoire,Cote d'Ivoire
9892,CUW,Curaçao,Curacao
9900,EGY,Egypt,"Egypt, Arab Rep."
9913,GMB,Gambia,"Gambia, The"
9928,HKG,"China, Hong Kong Special Administrative Region","Hong Kong SAR, China"
9933,IRN,Iran (Islamic Republic of),"Iran, Islamic Rep."
9945,PRK,Democratic People's Republic of Korea,"Korea, Dem. People's Rep."
9946,KOR,Republic of Korea,"Korea, Rep."
9947,XKX,,Kosovo
9949,KGZ,Kyrgyzstan,Kyrgyz Republic
9950,LAO,Lao People's Democratic Republic,Lao PDR
9959,MAC,"China, Macao Special Administrative Region","Macao SAR, China"
9970,FSM,Micronesia (Federated States of),"Micronesia, Fed. Sts."
9971,MDA,Republic of Moldova,Moldova
9981,NLD,Netherlands (Kingdom of the),Netherlands
10015,SVK,Slovakia,Slovak Republic
10023,KNA,Saint Kitts and Nevis,St. Kitts and Nevis
10024,LCA,Saint Lucia,St. Lucia
10025,MAF,Saint Martin (French Part),St. Martin (French part)
10026,VCT,Saint Vincent and the Grenadines,St. Vincent and the Grenadines
10033,TZA,United Republic of Tanzania,Tanzania
10040,TUR,Türkiye,Turkiye
10047,GBR,United Kingdom of Great Britain and Northern Ireland,United Kingdom
10048,USA,United States of America,United States
10052,VEN,Venezuela (Bolivarian Republic of),"Venezuela, RB"
10054,VIR,United States Virgin Islands,Virgin Islands (U.S.)
10055,PSE,State of Palestine,West Bank and Gaza
10056,YEM,Yemen,"Yemen, Rep."
10059,AFE,,Africa Eastern and Southern
10060,AFW,,Africa Western and Central
10061,ARB,,Arab World
10062,CSS,,Caribbean small states
10063,CEB,,Central Europe and the Baltics
10064,EAR,,Early-demographic dividend
10065,EAS,,East Asia & Pacific
10066,EAP,,East Asia & Pacific (excluding high income)
10067,TEA,,East Asia & Pacific (IDA & IBRD countries)
10068,EMU,,Euro area
10069,ECS,,Europe & Central Asia
10070,ECA,,Europe & Central Asia (excluding high income)
10071,TEC,,Europe & Central Asia (IDA & IBRD countries)
10072,EUU,,European Union
10073,FCS,,Fragile and conflict affected situations
10074,HPC,,Heavily indebted poor countries (HIPC)
10075,HIC,,High income
10076,IBD,,IBRD only
10077,IBT,,IDA & IBRD total
10078,IDB,,IDA blend
10079,IDX,,IDA only
10080,IDA,,IDA total
10081,LTE,,Late-demographic dividend
10082,LCN,,Latin America & Caribbean
10083,LAC,,Latin America & Caribbean (excluding high income)
10084,TLA,,Latin America & the Caribbean (IDA & IBRD countries)
10085,LDC,,Least developed countries: UN classification
10086,LMY,,Low & middle income
10087,LIC,,Low income
10088,LMC,,Lower middle income
10089,MEA,,Middle East & North Africa
10090,MNA,,Middle East & North Africa (excluding high income)
10091,TMN,,Middle East & North Africa (IDA & IBRD countries)
10092,MIC,,Middle income
10093,NAC,,North America
10094,INX,,Not classified
10095,OED,,OECD members
10096,OSS,,Other small states
10097,PSS,,Pacific island small states
10098,PST,,Post-demographic dividend
10099,PRE,,Pre-demographic dividend
10100,SST,,Small states
10101,SAS,,South Asia
10102,TSA,,South Asia (IDA & IBRD)
10103,SSF,,Sub-Saharan Africa
10104,SSA,,Sub-Saharan Africa (excluding high income)
10105,TSS,,Sub-Saharan Africa (IDA & IBRD countries)
10106,UMC,,Upper middle income
10107,WLD,,World
10121,BHS,Bahamas,"Bahamas, The"
10131,BOL,Bolivia (Plurinational State of),Bolivia
10147,CHI,,Channel Islands
10152,COD,Democratic Republic of the Congo,"Congo, Dem. Rep."
10153,COG,Congo,"Congo, Rep."
10155,CIV,Côte d’Ivoire,Cote d'Ivoire
10158,CUW,Curaçao,Curacao
10166,EGY,Egypt,"Egypt, Arab Rep."
10179,GMB,Gambia,"Gambia, The"
10194,HKG,"China, Hong Kong Special Administrative Region","Hong Kong SAR, China"
10199,IRN,Iran (Islamic Republic of),"Iran, Islamic Rep."
10211,PRK,Democratic People's Republic of Korea,"Korea, Dem. People's Rep."
10212,KOR,Republic of Korea,"Korea, Rep."
10213,XKX,,Kosovo
10215,KGZ,Kyrgyzstan,Kyrgyz Republic
10216,LAO,Lao People's Democratic Republic,Lao PDR
10225,MAC,"China, Macao Special Administrative Region","Macao SAR, China"
10236,FSM,Micronesia (Federated States of),"Micronesia, Fed. Sts."
10237,MDA,Republic of Moldova,Moldova
10247,NLD,Netherlands (Kingdom of the),Netherlands
10281,SVK,Slovakia,Slovak Republic
10289,KNA,Saint Kitts and Nevis,St. Kitts and Nevis
10290,LCA,Saint Lucia,St. Lucia
10291,MAF,Saint Martin (French Part),St. Martin (French part)
10292,VCT,Saint Vincent and the Grenadines,St. Vincent and the Grenadines
10299,TZA,United Republic of Tanzania,Tanzania
10306,TUR,Türkiye,Turkiye
10313,GBR,United Kingdom of Great Britain and Northern Ireland,United Kingdom
10314,USA,United States of America,United States
10318,VEN,Venezuela (Bolivarian Republic of),"Venezuela, RB"
10320,VIR,United States Virgin Islands,Virgin Islands (U.S.)
10321,PSE,State of Palestine,West Bank and Gaza
10322,YEM,Yemen,"Yemen, Rep."
10325,AFE,,Africa Eastern and Southern
10326,AFW,,Africa Western and Central
10327,ARB,,Arab World
10328,CSS,,Caribbean small states
10329,CEB,,Central Europe and the Baltics
10330,EAR,,Early-demographic dividend
10331,EAS,,East Asia & Pacific
10332,EAP,,East Asia & Pacific (excluding high income)
10333,TEA,,East Asia & Pacific (IDA & IBRD countries)
10334,EMU,,Euro area
10335,ECS,,Europe & Central Asia
10336,ECA,,Europe & Central Asia (excluding high income)
10337,TEC,,Europe & Central Asia (IDA & IBRD countries)
10338,EUU,,European Union
10339,FCS,,Fragile and conflict affected situations
10340,HPC,,Heavily indebted poor countries (HIPC)
10341,HIC,,High income
10342,IBD,,IBRD only
10343,IBT,,IDA & IBRD total
10344,IDB,,IDA blend
10345,IDX,,IDA only
10346,IDA,,IDA total
10347,LTE,,Late-demographic dividend
10348,LCN,,Latin America & Caribbean
10349,LAC,,Latin America & Caribbean (excluding high income)
10350,TLA,,Latin America & the Caribbean (IDA & IBRD countries)
10351,LDC,,Least developed countries: UN classification
10352,LMY,,Low & middle income
10353,LIC,,Low income
10354,LMC,,Lower middle income
10355,MEA,,Middle East & North Africa
10356,MNA,,Middle East & North Africa (excluding high income)
10357,TMN,,Middle East & North Africa (IDA & IBRD countries)
10358,MIC,,Middle income
10359,NAC,,North America
10360,INX,,Not classified
10361,OED,,OECD members
10362,OSS,,Other small states
10363,PSS,,Pacific island small states
10364,PST,,Post-demographic dividend
10365,PRE,,Pre-demographic dividend
10366,SST,,Small states
10367,SAS,,South Asia
10368,TSA,,South Asia (IDA & IBRD)
10369,SSF,,Sub-Saharan Africa
10370,SSA,,Sub-Saharan Africa (excluding high income)
10371,TSS,,Sub-Saharan Africa (IDA & IBRD countries)
10372,UMC,,Upper middle income
10373,WLD,,World
10387,BHS,Bahamas,"Bahamas, The"
10397,BOL,Bolivia (Plurinational State of),Bolivia
10413,CHI,,Channel Islands
10418,COD,Democratic Republic of the Congo,"Congo, Dem. Rep."
10419,COG,Congo,"Congo, Rep."
10421,CIV,Côte d’Ivoire,Cote d'Ivoire
10424,CUW,Curaçao,Curacao
10432,EGY,Egypt,"Egypt, Arab Rep."
10445,GMB,Gambia,"Gambia, The"
10460,HKG,"China, Hong Kong Special Administrative Region","Hong Kong SAR, China"
10465,IRN,Iran (Islamic Republic of),"Iran, Islamic Rep."
10477,PRK,Democratic People's Republic of Korea,"Korea, Dem. People's Rep."
10478,KOR,Republic of Korea,"Korea, Rep."
10479,XKX,,Kosovo
10481,KGZ,Kyrgyzstan,Kyrgyz Republic
10482,LAO,Lao People's Democratic Republic,Lao PDR
10491,MAC,"China, Macao Special Administrative Region","Macao SAR, China"
10502,FSM,Micronesia (Federated States of),"Micronesia, Fed. Sts."
10503,MDA,Republic of Moldova,Moldova
10513,NLD,Netherlands (Kingdom of the),Netherlands
10547,SVK,Slovakia,Slovak Republic
10555,KNA,Saint Kitts and Nevis,St. Kitts and Nevis
10556,LCA,Saint Lucia,St. Lucia
10557,MAF,Saint Martin (French Part),St. Martin (French part)
10558,VCT,Saint Vincent and the Grenadines,St. Vincent and the Grenadines
10565,TZA,United Republic of Tanzania,Tanzania
10572,TUR,Türkiye,Turkiye
10579,GBR,United Kingdom of Great Britain and Northern Ireland,United Kingdom
10580,USA,United States of America,United States
10584,VEN,Venezuela (Bolivarian Republic of),"Venezuela, RB"
10586,VIR,United States Virgin Islands,Virgin Islands (U.S.)
10587,PSE,State of Palestine,West Bank and Gaza
10588,YEM,Yemen,"Yemen, Rep."
10591,AFE,,Africa Eastern and Southern
10592,AFW,,Africa Western and Central
10593,ARB,,Arab World
10594,CSS,,Caribbean small states
10595,CEB,,Central Europe and the Baltics
10596,EAR,,Early-demographic dividend
10597,EAS,,East Asia & Pacific
10598,EAP,,East Asia & Pacific (excluding high income)
10599,TEA,,East Asia & Pacific (IDA & IBRD countries)
10600,EMU,,Euro area
10601,ECS,,Europe & Central Asia
10602,ECA,,Europe & Central Asia (excluding high income)
10603,TEC,,Europe & Central Asia (IDA & IBRD countries)
10604,EUU,,European Union
10605,FCS,,Fragile and conflict affected situations
10606,HPC,,Heavily indebted poor countries (HIPC)
10607,HIC,,High income
10608,IBD,,IBRD only
10609,IBT,,IDA & IBRD total
10610,IDB,,IDA blend
10611,IDX,,IDA only
10612,IDA,,IDA total
10613,LTE,,Late-demographic dividend
10614,LCN,,Latin America & Caribbean
10615,LAC,,Latin America & Caribbean (excluding high income)
10616,TLA,,Latin America & the Caribbean (IDA & IBRD countries)
10617,LDC,,Least developed countries: UN classification
10618,LMY,,Low & middle income
10619,LIC,,Low income
10620,LMC,,Lower middle income
10621,MEA,,Middle East & North Africa
10622,MNA,,Middle East & North Africa (excluding high income)
10623,TMN,,Middle East & North Africa (IDA & IBRD countries)
10624,MIC,,Middle income
10625,NAC,,North America
10626,INX,,Not classified
10627,OED,,OECD members
10628,OSS,,Other small states
10629,PSS,,Pacific island small states
10630,PST,,Post-demographic dividend
10631,PRE,,Pre-demographic dividend
10632,SST,,Small states
10633,SAS,,South Asia
10634,TSA,,South Asia (IDA & IBRD)
10635,SSF,,Sub-Saharan Africa
10636,SSA,,Sub-Saharan Africa (excluding high income)
10637,TSS,,Sub-Saharan Africa (IDA & IBRD countries)
10638,UMC,,Upper middle income
10639,WLD,,World
10653,BHS,Bahamas,"Bahamas, The"
10663,BOL,Bolivia (Plurinational State of),Bolivia
10679,CHI,,Channel Islands
10684,COD,Democratic Republic of the Congo,"Congo, Dem. Rep."
10685,COG,Congo,"Congo, Rep."
10687,CIV,Côte d’Ivoire,Cote d'Ivoire
10690,CUW,Curaçao,Curacao
10698,EGY,Egypt,"Egypt, Arab Rep."
10711,GMB,Gambia,"Gambia, The"
10726,HKG,"China, Hong Kong Special Administrative Region","Hong Kong SAR, China"
10731,IRN,Iran (Islamic Republic of),"Iran, Islamic Rep."
10743,PRK,Democratic People's Republic of Korea,"Korea, Dem. People's Rep."
10744,KOR,Republic of Korea,"Korea, Rep."
10745,XKX,,Kosovo
10747,KGZ,Kyrgyzstan,Kyrgyz Republic
10748,LAO,Lao People's Democratic Republic,Lao PDR
10757,MAC,"China, Macao Special Administrative Region","Macao SAR, China"
10768,FSM,Micronesia (Federated States of),"Micronesia, Fed. Sts."
10769,MDA,Republic of Moldova,Moldova
10779,NLD,Netherlands (Kingdom of the),Netherlands
10813,SVK,Slovakia,Slovak Republic
10821,KNA,Saint Kitts and Nevis,St. Kitts and Nevis
10822,LCA,Saint Lucia,St. Lucia
10823,MAF,Saint Martin (French Part),St. Martin (French part)
10824,VCT,Saint Vincent and the Grenadines,St. Vincent and the Grenadines
10831,TZA,United Republic of Tanzania,Tanzania
10838,TUR,Türkiye,Turkiye
10845,GBR,United Kingdom of Great Britain and Northern Ireland,United Kingdom
10846,USA,United States of America,United States
10850,VEN,Venezuela (Bolivarian Republic of),"Venezuela, RB"
10852,VIR,United States Virgin Islands,Virgin Islands (U.S.)
10853,PSE,State of Palestine,West Bank and Gaza
10854,YEM,Yemen,"Yemen, Rep."
10857,AFE,,Africa Eastern and Southern
10858,AFW,,Africa Western and Central
10859,ARB,,Arab World
10860,CSS,,Caribbean small states
10861,CEB,,Central Europe and the Baltics
10862,EAR,,Early-demographic dividend
10863,EAS,,East Asia & Pacific
10864,EAP,,East Asia & Pacific (excluding high income)
10865,TEA,,East Asia & Pacific (IDA & IBRD countries)
10866,EMU,,Euro area
10867,ECS,,Europe & Central Asia
10868,ECA,,Europe & Central Asia (excluding high income)
10869,TEC,,Europe & Central Asia (IDA & IBRD countries)
10870,EUU,,European Union
10871,FCS,,Fragile and conflict affected situations
10872,HPC,,Heavily indebted poor countries (HIPC)
10873,HIC,,High income
10874,IBD,,IBRD only
10875,IBT,,IDA & IBRD total
10876,IDB,,IDA blend
10877,IDX,,IDA only
10878,IDA,,IDA total
10879,LTE,,Late-demographic dividend
10880,LCN,,Latin America & Caribbean
10881,LAC,,Latin America & Caribbean (excluding high income)
10882,TLA,,Latin America & the Caribbean (IDA & IBRD countries)
10883,LDC,,Least developed countries: UN classification
10884,LMY,,Low & middle income
10885,LIC,,Low income
10886,LMC,,Lower middle income
10887,MEA,,Middle East & North Africa
10888,MNA,,Middle East & North Africa (excluding high income)
10889,TMN,,Middle East & North Africa (IDA & IBRD countries)
10890,MIC,,Middle income
10891,NAC,,North America
10892,INX,,Not classified
10893,OED,,OECD members
10894,OSS,,Other small states
10895,PSS,,Pacific island small states
10896,PST,,Post-demographic dividend
10897,PRE,,Pre-demographic dividend
10898,SST,,Small states
10899,SAS,,South Asia
10900,TSA,,South Asia (IDA & IBRD)
10901,SSF,,Sub-Saharan Africa
10902,SSA,,Sub-Saharan Africa (excluding high income)
10903,TSS,,Sub-Saharan Africa (IDA & IBRD countries)
10904,UMC,,Upper middle income
10905,WLD,,World
10919,BHS,Bahamas,"Bahamas, The"
10929,BOL,Bolivia (Plurinational State of),Bolivia
10945,CHI,,Channel Islands
10950,COD,Democratic Republic of the Congo,"Congo, Dem. Rep."
10951,COG,Congo,"Congo, Rep."
10953,CIV,Côte d’Ivoire,Cote d'Ivoire
10956,CUW,Curaçao,Curacao
10964,EGY,Egypt,"Egypt, Arab Rep."
10977,GMB,Gambia,"Gambia, The"
10992,HKG,"China, Hong Kong Special Administrative Region","Hong Kong SAR, China"
10997,IRN,Iran (Islamic Republic of),"Iran, Islamic Rep."
11009,PRK,Democratic People's Republic of Korea,"Korea, Dem. People's Rep."
11010,KOR,Republic of Korea,"Korea, Rep."
11011,XKX,,Kosovo
11013,KGZ,Kyrgyzstan,Kyrgyz Republic
11014,LAO,Lao People's Democratic Republic,Lao PDR
11023,MAC,"China, Macao Special Administrative Region","Macao SAR, China"
11034,FSM,Micronesia (Federated States of),"Micronesia, Fed. Sts."
11035,MDA,Republic of Moldova,Moldova
11045,NLD,Netherlands (Kingdom of the),Netherlands
11079,SVK,Slovakia,Slovak Republic
11087,KNA,Saint Kitts and Nevis,St. Kitts and Nevis
11088,LCA,Saint Lucia,St. Lucia
11089,MAF,Saint Martin (French Part),St. Martin (French part)
11090,VCT,Saint Vincent and the Grenadines,St. Vincent and the Grenadines
11097,TZA,United Republic of Tanzania,Tanzania
11104,TUR,Türkiye,Turkiye
11111,GBR,United Kingdom of Great Britain and Northern Ireland,United Kingdom
11112,USA,United States of America,United States
11116,VEN,Venezuela (Bolivarian Republic of),"Venezuela, RB"
11118,VIR,United States Virgin Islands,Virgin Islands (U.S.)
11119,PSE,State of Palestine,West Bank and Gaza
11120,YEM,Yemen,"Yemen, Rep."
11123,AFE,,Africa Eastern and Southern
11124,AFW,,Africa Western and Central
11125,ARB,,Arab World
11126,CSS,,Caribbean small states
11127,CEB,,Central Europe and the Baltics
11128,EAR,,Early-demographic dividend
11129,EAS,,East Asia & Pacific
11130,EAP,,East Asia & Pacific (excluding high income)
11131,TEA,,East Asia & Pacific (IDA & IBRD countries)
11132,EMU,,Euro area
11133,ECS,,Europe & Central Asia
11134,ECA,,Europe & Central Asia (excluding high income)
11135,TEC,,Europe & Central Asia (IDA & IBRD countries)
11136,EUU,,European Union
11137,FCS,,Fragile and conflict affected situations
11138,HPC,,Heavily indebted poor countries (HIPC)
11139,HIC,,High income
11140,IBD,,IBRD only
11141,IBT,,IDA & IBRD total
11142,IDB,,IDA blend
11143,IDX,,IDA only
11144,IDA,,IDA total
11145,LTE,,Late-demographic dividend
11146,LCN,,Latin America & Caribbean
11147,LAC,,Latin America & Caribbean (excluding high income)
11148,TLA,,Latin America & the Caribbean (IDA & IBRD countries)
11149,LDC,,Least developed countries: UN classification
11150,LMY,,Low & middle income
11151,LIC,,Low income
11152,LMC,,Lower middle income
11153,MEA,,Middle East & North Africa
11154,MNA,,Middle East & North Africa (excluding high income)
11155,TMN,,Middle East & North Africa (IDA & IBRD countries)
11156,MIC,,Middle income
11157,NAC,,North America
11158,INX,,Not classified
11159,OED,,OECD members
11160,OSS,,Other small states
11161,PSS,,Pacific island small states
11162,PST,,Post-demographic dividend
11163,PRE,,Pre-demographic dividend
11164,SST,,Small states
11165,SAS,,South Asia
11166,TSA,,South Asia (IDA & IBRD)
11167,SSF,,Sub-Saharan Africa
11168,SSA,,Sub-Saharan Africa (excluding high income)
11169,TSS,,Sub-Saharan Africa (IDA & IBRD countries)
11170,UMC,,Upper middle income
11171,WLD,,World
11185,BHS,Bahamas,"Bahamas, The"
11195,BOL,Bolivia (Plurinational State of),Bolivia
11211,CHI,,Channel Islands
11216,COD,Democratic Republic of the Congo,"Congo, Dem. Rep."
11217,COG,Congo,"Congo, Rep."
11219,CIV,Côte d’Ivoire,Cote d'Ivoire
11222,CUW,Curaçao,Curacao
11230,EGY,Egypt,"Egypt, Arab Rep."
11243,GMB,Gambia,"Gambia, The"
11258,HKG,"China, Hong Kong Special Administrative Region","Hong Kong SAR, China"
11263,IRN,Iran (Islamic Republic of),"Iran, Islamic Rep."
11275,PRK,Democratic People's Republic of Korea,"Korea, Dem. People's Rep."
11276,KOR,Republic of Korea,"Korea, Rep."
11277,XKX,,Kosovo
11279,KGZ,Kyrgyzstan,Kyrgyz Republic
11280,LAO,Lao People's Democratic Republic,Lao PDR
11289,MAC,"China, Macao Special Administrative Region","Macao SAR, China"
11300,FSM,Micronesia (Federated States of),"Micronesia, Fed. Sts."
11301,MDA,Republic of Moldova,Moldova
11311,NLD,Netherlands (Kingdom of the),Netherlands
11345,SVK,Slovakia,Slovak Republic
11353,KNA,Saint Kitts and Nevis,St. Kitts and Nevis
11354,LCA,Saint Lucia,St. Lucia
11355,MAF,Saint Martin (French Part),St. Martin (French part)
11356,VCT,Saint Vincent and the Grenadines,St. Vincent and the Grenadines
11363,TZA,United Republic of Tanzania,Tanzania
11370,TUR,Türkiye,Turkiye
11377,GBR,United Kingdom of Great Britain and Northern Ireland,United Kingdom
11378,USA,United States of America,United States
11382,VEN,Venezuela (Bolivarian Republic of),"Venezuela, RB"
11384,VIR,United States Virgin Islands,Virgin Islands (U.S.)
11385,PSE,State of Palestine,West Bank and Gaza
11386,YEM,Yemen,"Yemen, Rep."
11389,AFE,,Africa Eastern and Southern
11390,AFW,,Africa Western and Central
11391,ARB,,Arab World
11392,CSS,,Caribbean small states
11393,CEB,,Central Europe and the Baltics
11394,EAR,,Early-demographic dividend
11395,EAS,,East Asia & Pacific
11396,EAP,,East Asia & Pacific (excluding high income)
11397,TEA,,East Asia & Pacific (IDA & IBRD countries)
11398,EMU,,Euro area
11399,ECS,,Europe & Central Asia
11400,ECA,,Europe & Central Asia (excluding high income)
11401,TEC,,Europe & Central Asia (IDA & IBRD countries)
11402,EUU,,European Union
11403,FCS,,Fragile and conflict affected situations
11404,HPC,,Heavily indebted poor countries (HIPC)
11405,HIC,,High income
11406,IBD,,IBRD only
11407,IBT,,IDA & IBRD total
11408,IDB,,IDA blend
11409,IDX,,IDA only
11410,IDA,,IDA total
11411,LTE,,Late-demographic dividend
11412,LCN,,Latin America & Caribbean
11413,LAC,,Latin America & Caribbean (excluding high income)
11414,TLA,,Latin America & the Caribbean (IDA & IBRD countries)
11415,LDC,,Least developed countries: UN classification
11416,LMY,,Low & middle income
11417,LIC,,Low income
11418,LMC,,Lower middle income
11419,MEA,,Middle East & North Africa
11420,MNA,,Middle East & North Africa (excluding high income)
11421,TMN,,Middle East & North Africa (IDA & IBRD countries)
11422,MIC,,Middle income
11423,NAC,,North America
11424,INX,,Not classified
11425,OED,,OECD members
11426,OSS,,Other small states
11427,PSS,,Pacific island small states
11428,PST,,Post-demographic dividend
11429,PRE,,Pre-demographic dividend
11430,SST,,Small states
11431,SAS,,South Asia
11432,TSA,,South Asia (IDA & IBRD)
11433,SSF,,Sub-Saharan Africa
11434,SSA,,Sub-Saharan Africa (excluding high income)
11435,TSS,,Sub-Saharan Africa (IDA & IBRD countries)
11436,UMC,,Upper middle income
11437,WLD,,World
11451,BHS,Bahamas,"Bahamas, The"
11461,BOL,Bolivia (Plurinational State of),Bolivia
11477,CHI,,Channel Islands
11482,COD,Democratic Republic of the Congo,"Congo, Dem. Rep."
11483,COG,Congo,"Congo, Rep."
11485,CIV,Côte d’Ivoire,Cote d'Ivoire
11488,CUW,Curaçao,Curacao
11496,EGY,Egypt,"Egypt, Arab Rep."
11509,GMB,Gambia,"Gambia, The"
11524,HKG,"China, Hong Kong Special Administrative Region","Hong Kong SAR, China"
11529,IRN,Iran (Islamic Republic of),"Iran, Islamic Rep."
11541,PRK,Democratic People's Republic of Korea,"Korea, Dem. People's Rep."
11542,KOR,Republic of Korea,"Korea, Rep."
11543,XKX,,Kosovo
11545,KGZ,Kyrgyzstan,Kyrgyz Republic
11546,LAO,Lao People's Democratic Republic,Lao PDR
11555,MAC,"China, Macao Special Administrative Region","Macao SAR, China"
11566,FSM,Micronesia (Federated States of),"Micronesia, Fed. Sts."
11567,MDA,Republic of Moldova,Moldova
11577,NLD,Netherlands (Kingdom of the),Netherlands
11611,SVK,Slovakia,Slovak Republic
11619,KNA,Saint Kitts and Nevis,St. Kitts and Nevis
11620,LCA,Saint Lucia,St. Lucia
11621,MAF,Saint Martin (French Part),St. Martin (French part)
11622,VCT,Saint Vincent and the Grenadines,St. Vincent and the Grenadines
11629,TZA,United Republic of Tanzania,Tanzania
11636,TUR,Türkiye,Turkiye
11643,GBR,United Kingdom of Great Britain and Northern Ireland,United Kingdom
11644,USA,United States of America,United States
11648,VEN,Venezuela (Bolivarian Republic of),"Venezuela, RB"
11650,VIR,United States Virgin Islands,Virgin Islands (U.S.)
11651,PSE,State of Palestine,West Bank and Gaza
11652,YEM,Yemen,"Yemen, Rep."
11655,AFE,,Africa Eastern and Southern
11656,AFW,,Africa Western and Central
11657,ARB,,Arab World
11658,CSS,,Caribbean small states
11659,CEB,,Central Europe and the Baltics
11660,EAR,,Early-demographic dividend
11661,EAS,,East Asia & Pacific
11662,EAP,,East Asia & Pacific (excluding high income)
11663,TEA,,East Asia & Pacific (IDA & IBRD countries)
11664,EMU,,Euro area
11665,ECS,,Europe & Central Asia
11666,ECA,,Europe & Central Asia (excluding high income)
11667,TEC,,Europe & Central Asia (IDA & IBRD countries)
11668,EUU,,European Union
11669,FCS,,Fragile and conflict affected situations
11670,HPC,,Heavily indebted poor countries (HIPC)
11671,HIC,,High income
11672,IBD,,IBRD only
11673,IBT,,IDA & IBRD total
11674,IDB,,IDA blend
11675,IDX,,IDA only
11676,IDA,,IDA total
11677,LTE,,Late-demographic dividend
11678,LCN,,Latin America & Caribbean
11679,LAC,,Latin America & Caribbean (excluding high income)
11680,TLA,,Latin America & the Caribbean (IDA & IBRD countries)
11681,LDC,,Least developed countries: UN classification
11682,LMY,,Low & middle income
11683,LIC,,Low income
11684,LMC,,Lower middle income
11685,MEA,,Middle East & North Africa
11686,MNA,,Middle East & North Africa (excluding high income)
11687,TMN,,Middle East & North Africa (IDA & IBRD countries)
11688,MIC,,Middle income
11689,NAC,,North America
11690,INX,,Not classified
11691,OED,,OECD members
11692,OSS,,Other small states
11693,PSS,,Pacific island small states
11694,PST,,Post-demographic dividend
11695,PRE,,Pre-demographic dividend
11696,SST,,Small states
11697,SAS,,South Asia
11698,TSA,,South Asia (IDA & IBRD)
11699,SSF,,Sub-Saharan Africa
11700,SSA,,Sub-Saharan Africa (excluding high income)
11701,TSS,,Sub-Saharan Africa (IDA & IBRD countries)
11702,UMC,,Upper middle income
11703,WLD,,World
11717,BHS,Bahamas,"Bahamas, The"
11727,BOL,Bolivia (Plurinational State of),Bolivia
11743,CHI,,Channel Islands
11748,COD,Democratic Republic of the Congo,"Congo, Dem. Rep."
11749,COG,Congo,"Congo, Rep."
11751,CIV,Côte d’Ivoire,Cote d'Ivoire
11754,CUW,Curaçao,Curacao
11762,EGY,Egypt,"Egypt, Arab Rep."
11775,GMB,Gambia,"Gambia, The"
11790,HKG,"China, Hong Kong Special Administrative Region","Hong Kong SAR, China"
11795,IRN,Iran (Islamic Republic of),"Iran, Islamic Rep."
11807,PRK,Democratic People's Republic of Korea,"Korea, Dem. People's Rep."
11808,KOR,Republic of Korea,"Korea, Rep."
11809,XKX,,Kosovo
11811,KGZ,Kyrgyzstan,Kyrgyz Republic
11812,LAO,Lao People's Democratic Republic,Lao PDR
11821,MAC,"China, Macao Special Administrative Region","Macao SAR, China"
11832,FSM,Micronesia (Federated States of),"Micronesia, Fed. Sts."
11833,MDA,Republic of Moldova,Moldova
11843,NLD,Netherlands (Kingdom of the),Netherlands
11877,SVK,Slovakia,Slovak Republic
11885,KNA,Saint Kitts and Nevis,St. Kitts and Nevis
11886,LCA,Saint Lucia,St. Lucia
11887,MAF,Saint Martin (French Part),St. Martin (French part)
11888,VCT,Saint Vincent and the Grenadines,St. Vincent and the Grenadines
11895,TZA,United Republic of Tanzania,Tanzania
11902,TUR,Türkiye,Turkiye
11909,GBR,United Kingdom of Great Britain and Northern Ireland,United Kingdom
11910,USA,United States of America,United States
11914,VEN,Venezuela (Bolivarian Republic of),"Venezuela, RB"
11916,VIR,United States Virgin Islands,Virgin Islands (U.S.)
11917,PSE,State of Palestine,West Bank and Gaza
11918,YEM,Yemen,"Yemen, Rep."
11921,AFE,,Africa Eastern and Southern
11922,AFW,,Africa Western and Central
11923,ARB,,Arab World
11924,CSS,,Caribbean small states
11925,CEB,,Central Europe and the Baltics
11926,EAR,,Early-demographic dividend
11927,EAS,,East Asia & Pacific
11928,EAP,,East Asia & Pacific (excluding high income)
11929,TEA,,East Asia & Pacific (IDA & IBRD countries)
11930,EMU,,Euro area
11931,ECS,,Europe & Central Asia
11932,ECA,,Europe & Central Asia (excluding high income)
11933,TEC,,Europe & Central Asia (IDA & IBRD countries)
11934,EUU,,European Union
11935,FCS,,Fragile and conflict affected situations
11936,HPC,,Heavily indebted poor countries (HIPC)
11937,HIC,,High income
11938,IBD,,IBRD only
11939,IBT,,IDA & IBRD total
11940,IDB,,IDA blend
11941,IDX,,IDA only
11942,IDA,,IDA total
11943,LTE,,Late-demographic dividend
11944,LCN,,Latin America & Caribbean
11945,LAC,,Latin America & Caribbean (excluding high income)
11946,TLA,,Latin America & the Caribbean (IDA & IBRD countries)
11947,LDC,,Least developed countries: UN classification
11948,LMY,,Low & middle income
11949,LIC,,Low income
11950,LMC,,Lower middle income
11951,MEA,,Middle East & North Africa
11952,MNA,,Middle East & North Africa (excluding high income)
11953,TMN,,Middle East & North Africa (IDA & IBRD countries)
11954,MIC,,Middle income
11955,NAC,,North America
11956,INX,,Not classified
11957,OED,,OECD members
11958,OSS,,Other small states
11959,PSS,,Pacific island small states
11960,PST,,Post-demographic dividend
11961,PRE,,Pre-demographic dividend
11962,SST,,Small states
11963,SAS,,South Asia
11964,TSA,,South Asia (IDA & IBRD)
11965,SSF,,Sub-Saharan Africa
11966,SSA,,Sub-Saharan Africa (excluding high income)
11967,TSS,,Sub-Saharan Africa (IDA & IBRD countries)
11968,UMC,,Upper middle income
11969,WLD,,World
11983,BHS,Bahamas,"Bahamas, The"
11993,BOL,Bolivia (Plurinational State of),Bolivia
12009,CHI,,Channel Islands
12014,COD,Democratic Republic of the Congo,"Congo, Dem. Rep."
12015,COG,Congo,"Congo, Rep."
12017,CIV,Côte d’Ivoire,Cote d'Ivoire
12020,CUW,Curaçao,Curacao
12028,EGY,Egypt,"Egypt, Arab Rep."
12041,GMB,Gambia,"Gambia, The"
12056,HKG,"China, Hong Kong Special Administrative Region","Hong Kong SAR, China"
12061,IRN,Iran (Islamic Republic of),"Iran, Islamic Rep."
12073,PRK,Democratic People's Republic of Korea,"Korea, Dem. People's Rep."
12074,KOR,Republic of Korea,"Korea, Rep."
12075,XKX,,Kosovo
12077,KGZ,Kyrgyzstan,Kyrgyz Republic
12078,LAO,Lao People's Democratic Republic,Lao PDR
12087,MAC,"China, Macao Special Administrative Region","Macao SAR, China"
12098,FSM,Micronesia (Federated States of),"Micronesia, Fed. Sts."
12099,MDA,Republic of Moldova,Moldova
12109,NLD,Netherlands (Kingdom of the),Netherlands
12143,SVK,Slovakia,Slovak Republic
12151,KNA,Saint Kitts and Nevis,St. Kitts and Nevis
12152,LCA,Saint Lucia,St. Lucia
12153,MAF,Saint Martin (French Part),St. Martin (French part)
12154,VCT,Saint Vincent and the Grenadines,St. Vincent and the Grenadines
12161,TZA,United Republic of Tanzania,Tanzania
12168,TUR,Türkiye,Turkiye
12175,GBR,United Kingdom of Great Britain and Northern Ireland,United Kingdom
12176,USA,United States of America,United States
12180,VEN,Venezuela (Bolivarian Republic of),"Venezuela, RB"
12182,VIR,United States Virgin Islands,Virgin Islands (U.S.)
12183,PSE,State of Palestine,West Bank and Gaza
12184,YEM,Yemen,"Yemen, Rep."
12187,AFE,,Africa Eastern and Southern
12188,AFW,,Africa Western and Central
12189,ARB,,Arab World
12190,CSS,,Caribbean small states
12191,CEB,,Central Europe and the Baltics
12192,EAR,,Early-demographic dividend
12193,EAS,,East Asia & Pacific
12194,EAP,,East Asia & Pacific (excluding high income)
12195,TEA,,East Asia & Pacific (IDA & IBRD countries)
12196,EMU,,Euro area
12197,ECS,,Europe & Central Asia
12198,ECA,,Europe & Central Asia (excluding high income)
12199,TEC,,Europe & Central Asia (IDA & IBRD countries)
12200,EUU,,European Union
12201,FCS,,Fragile and conflict affected situations
12202,HPC,,Heavily indebted poor countries (HIPC)
12203,HIC,,High income
12204,IBD,,IBRD only
12205,IBT,,IDA & IBRD total
12206,IDB,,IDA blend
12207,IDX,,IDA only
12208,IDA,,IDA total
12209,LTE,,Late-demographic dividend
12210,LCN,,Latin America & Caribbean
12211,LAC,,Latin America & Caribbean (excluding high income)
12212,TLA,,Latin America & the Caribbean (IDA & IBRD countries)
12213,LDC,,Least developed countries: UN classification
12214,LMY,,Low & middle income
12215,LIC,,Low income
12216,LMC,,Lower middle income
12217,MEA,,Middle East & North Africa
12218,MNA,,Middle East & North Africa (excluding high income)
12219,TMN,,Middle East & North Africa (IDA & IBRD countries)
12220,MIC,,Middle income
12221,NAC,,North America
12222,INX,,Not classified
12223,OED,,OECD members
12224,OSS,,Other small states
12225,PSS,,Pacific island small states
12226,PST,,Post-demographic dividend
12227,PRE,,Pre-demographic dividend
12228,SST,,Small states
12229,SAS,,South Asia
12230,TSA,,South Asia (IDA & IBRD)
12231,SSF,,Sub-Saharan Africa
12232,SSA,,Sub-Saharan Africa (excluding high income)
12233,TSS,,Sub-Saharan Africa (IDA & IBRD countries)
12234,UMC,,Upper middle income
12235,WLD,,World
12249,BHS,Bahamas,"Bahamas, The"
12259,BOL,Bolivia (Plurinational State of),Bolivia
12275,CHI,,Channel Islands
12280,COD,Democratic Republic of the Congo,"Congo, Dem. Rep."
12281,COG,Congo,"Congo, Rep."
12283,CIV,Côte d’Ivoire,Cote d'Ivoire
12286,CUW,Curaçao,Curacao
12294,EGY,Egypt,"Egypt, Arab Rep."
12307,GMB,Gambia,"Gambia, The"
12322,HKG,"China, Hong Kong Special Administrative Region","Hong Kong SAR, China"
12327,IRN,Iran (Islamic Republic of),"Iran, Islamic Rep."
12339,PRK,Democratic People's Republic of Korea,"Korea, Dem. People's Rep."
12340,KOR,Republic of Korea,"Korea, Rep."
12341,XKX,,Kosovo
12343,KGZ,Kyrgyzstan,Kyrgyz Republic
12344,LAO,Lao People's Democratic Republic,Lao PDR
12353,MAC,"China, Macao Special Administrative Region","Macao SAR, China"
12364,FSM,Micronesia (Federated States of),"Micronesia, Fed. Sts."
12365,MDA,Republic of Moldova,Moldova
12375,NLD,Netherlands (Kingdom of the),Netherlands
12409,SVK,Slovakia,Slovak Republic
12417,KNA,Saint Kitts and Nevis,St. Kitts and Nevis
12418,LCA,Saint Lucia,St. Lucia
12419,MAF,Saint Martin (French Part),St. Martin (French part)
12420,VCT,Saint Vincent and the Grenadines,St. Vincent and the Grenadines
12427,TZA,United Republic of Tanzania,Tanzania
12434,TUR,Türkiye,Turkiye
12441,GBR,United Kingdom of Great Britain and Northern Ireland,United Kingdom
12442,USA,United States of America,United States
12446,VEN,Venezuela (Bolivarian Republic of),"Venezuela, RB"
12448,VIR,United States Virgin Islands,Virgin Islands (U.S.)
12449,PSE,State of Palestine,West Bank and Gaza
12450,YEM,Yemen,"Yemen, Rep."
12453,AFE,,Africa Eastern and Southern
12454,AFW,,Africa Western and Central
12455,ARB,,Arab World
12456,CSS,,Caribbean small states
12457,CEB,,Central Europe and the Baltics
12458,EAR,,Early-demographic dividend
12459,EAS,,East Asia & Pacific
12460,EAP,,East Asia & Pacific (excluding high income)
12461,TEA,,East Asia & Pacific (IDA & IBRD countries)
12462,EMU,,Euro area
12463,ECS,,Europe & Central Asia
12464,ECA,,Europe & Central Asia (excluding high income)
12465,TEC,,Europe & Central Asia (IDA & IBRD countries)
12466,EUU,,European Union
12467,FCS,,Fragile and conflict affected situations
12468,HPC,,Heavily indebted poor countries (HIPC)
12469,HIC,,High income
12470,IBD,,IBRD only
12471,IBT,,IDA & IBRD total
12472,IDB,,IDA blend
12473,IDX,,IDA only
12474,IDA,,IDA total
12475,LTE,,Late-demographic dividend
12476,LCN,,Latin America & Caribbean
12477,LAC,,Latin America & Caribbean (excluding high income)
12478,TLA,,Latin America & the Caribbean (IDA & IBRD countries)
12479,LDC,,Least developed countries: UN classification
12480,LMY,,Low & middle income
12481,LIC,,Low income
12482,LMC,,Lower middle income
12483,MEA,,Middle East & North Africa
12484,MNA,,Middle East & North Africa (excluding high income)
12485,TMN,,Middle East & North Africa (IDA & IBRD countries)
12486,MIC,,Middle income
12487,NAC,,North America
12488,INX,,Not classified
12489,OED,,OECD members
12490,OSS,,Other small states
12491,PSS,,Pacific island small states
12492,PST,,Post-demographic dividend
12493,PRE,,Pre-demographic dividend
12494,SST,,Small states
12495,SAS,,South Asia
12496,TSA,,South Asia (IDA & IBRD)
12497,SSF,,Sub-Saharan Africa
12498,SSA,,Sub-Saharan Africa (excluding high income)
12499,TSS,,Sub-Saharan Africa (IDA & IBRD countries)
12500,UMC,,Upper middle income
12501,WLD,,World
12515,BHS,Bahamas,"Bahamas, The"
12525,BOL,Bolivia (Plurinational State of),Bolivia
12541,CHI,,Channel Islands
12546,COD,Democratic Republic of the Congo,"Congo, Dem. Rep."
12547,COG,Congo,"Congo, Rep."
12549,CIV,Côte d’Ivoire,Cote d'Ivoire
12552,CUW,Curaçao,Curacao
12560,EGY,Egypt,"Egypt, Arab Rep."
12573,GMB,Gambia,"Gambia, The"
12588,HKG,"China, Hong Kong Special Administrative Region","Hong Kong SAR, China"
12593,IRN,Iran (Islamic Republic of),"Iran, Islamic Rep."
12605,PRK,Democratic People's Republic of Korea,"Korea, Dem. People's Rep."
12606,KOR,Republic of Korea,"Korea, Rep."
12607,XKX,,Kosovo
12609,KGZ,Kyrgyzstan,Kyrgyz Republic
12610,LAO,Lao People's Democratic Republic,Lao PDR
12619,MAC,"China, Macao Special Administrative Region","Macao SAR, China"
12630,FSM,Micronesia (Federated States of),"Micronesia, Fed. Sts."
12631,MDA,Republic of Moldova,Moldova
12641,NLD,Netherlands (Kingdom of the),Netherlands
12675,SVK,Slovakia,Slovak Republic
12683,KNA,Saint Kitts and Nevis,St. Kitts and Nevis
12684,LCA,Saint Lucia,St. Lucia
12685,MAF,Saint Martin (French Part),St. Martin (French part)
12686,VCT,Saint Vincent and the Grenadines,St. Vincent and the Grenadines
12693,TZA,United Republic of Tanzania,Tanzania
12700,TUR,Türkiye,Turkiye
12707,GBR,United Kingdom of Great Britain and Northern Ireland,United Kingdom
12708,USA,United States of America,United States
12712,VEN,Venezuela (Bolivarian Republic of),"Venezuela, RB"
12714,VIR,United States Virgin Islands,Virgin Islands (U.S.)
12715,PSE,State of Palestine,West Bank and Gaza
12716,YEM,Yemen,"Yemen, Rep."
12719,AFE,,Africa Eastern and Southern
12720,AFW,,Africa Western and Central
12721,ARB,,Arab World
12722,CSS,,Caribbean small states
12723,CEB,,Central Europe and the Baltics
12724,EAR,,Early-demographic dividend
12725,EAS,,East Asia & Pacific
12726,EAP,,East Asia & Pacific (excluding high income)
12727,TEA,,East Asia & Pacific (IDA & IBRD countries)
12728,EMU,,Euro area
12729,ECS,,Europe & Central Asia
12730,ECA,,Europe & Central Asia (excluding high income)
12731,TEC,,Europe & Central Asia (IDA & IBRD countries)
12732,EUU,,European Union
12733,FCS,,Fragile and conflict affected situations
12734,HPC,,Heavily indebted poor countries (HIPC)
12735,HIC,,High income
12736,IBD,,IBRD only
12737,IBT,,IDA & IBRD total
12738,IDB,,IDA blend
12739,IDX,,IDA only
12740,IDA,,IDA total
12741,LTE,,Late-demographic dividend
12742,LCN,,Latin America & Caribbean
12743,LAC,,Latin America & Caribbean (excluding high income)
12744,TLA,,Latin America & the Caribbean (IDA & IBRD countries)
12745,LDC,,Least developed countries: UN classification
12746,LMY,,Low & middle income
12747,LIC,,Low income
12748,LMC,,Lower middle income
12749,MEA,,Middle East & North Africa
12750,MNA,,Middle East & North Africa (excluding high income)
12751,TMN,,Middle East & North Africa (IDA & IBRD countries)
12752,MIC,,Middle income
12753,NAC,,North America
12754,INX,,Not classified
12755,OED,,OECD members
12756,OSS,,Other small states
12757,PSS,,Pacific island small states
12758,PST,,Post-demographic dividend
12759,PRE,,Pre-demographic dividend
12760,SST,,Small states
12761,SAS,,South Asia
12762,TSA,,South Asia (IDA & IBRD)
12763,SSF,,Sub-Saharan Africa
12764,SSA,,Sub-Saharan Africa (excluding high income)
12765,TSS,,Sub-Saharan Africa (IDA & IBRD countries)
12766,UMC,,Upper middle income
12767,WLD,,World
12781,BHS,Bahamas,"Bahamas, The"
12791,BOL,Bolivia (Plurinational State of),Bolivia
12807,CHI,,Channel Islands
12812,COD,Democratic Republic of the Congo,"Congo, Dem. Rep."
12813,COG,Congo,"Congo, Rep."
12815,CIV,Côte d’Ivoire,Cote d'Ivoire
12818,CUW,Curaçao,Curacao
12826,EGY,Egypt,"Egypt, Arab Rep."
12839,GMB,Gambia,"Gambia, The"
12854,HKG,"China, Hong Kong Special Administrative Region","Hong Kong SAR, China"
12859,IRN,Iran (Islamic Republic of),"Iran, Islamic Rep."
12871,PRK,Democratic People's Republic of Korea,"Korea, Dem. People's Rep."
12872,KOR,Republic of Korea,"Korea, Rep."
12873,XKX,,Kosovo
12875,KGZ,Kyrgyzstan,Kyrgyz Republic
12876,LAO,Lao People's Democratic Republic,Lao PDR
12885,MAC,"China, Macao Special Administrative Region","Macao SAR, China"
12896,FSM,Micronesia (Federated States of),"Micronesia, Fed. Sts."
12897,MDA,Republic of Moldova,Moldova
12907,NLD,Netherlands (Kingdom of the),Netherlands
12941,SVK,Slovakia,Slovak Republic
12949,KNA,Saint Kitts and Nevis,St. Kitts and Nevis
12950,LCA,Saint Lucia,St. Lucia
12951,MAF,Saint Martin (French Part),St. Martin (French part)
12952,VCT,Saint Vincent and the Grenadines,St. Vincent and the Grenadines
12959,TZA,United Republic of Tanzania,Tanzania
12966,TUR,Türkiye,Turkiye
12973,GBR,United Kingdom of Great Britain and Northern Ireland,United Kingdom
12974,USA,United States of America,United States
12978,VEN,Venezuela (Bolivarian Republic of),"Venezuela, RB"
12980,VIR,United States Virgin Islands,Virgin Islands (U.S.)
12981,PSE,State of Palestine,West Bank and Gaza
12982,YEM,Yemen,"Yemen, Rep."
12985,AFE,,Africa Eastern and Southern
12986,AFW,,Africa Western and Central
12987,ARB,,Arab World
12988,CSS,,Caribbean small states
12989,CEB,,Central Europe and the Baltics
12990,EAR,,Early-demographic dividend
12991,EAS,,East Asia & Pacific
12992,EAP,,East Asia & Pacific (excluding high income)
12993,TEA,,East Asia & Pacific (IDA & IBRD countries)
12994,EMU,,Euro area
12995,ECS,,Europe & Central Asia
12996,ECA,,Europe & Central Asia (excluding high income)
12997,TEC,,Europe & Central Asia (IDA & IBRD countries)
12998,EUU,,European Union
12999,FCS,,Fragile and conflict affected situations
13000,HPC,,Heavily indebted poor countries (HIPC)
13001,HIC,,High income
13002,IBD,,IBRD only
13003,IBT,,IDA & IBRD total
13004,IDB,,IDA blend
13005,IDX,,IDA only
13006,IDA,,IDA total
13007,LTE,,Late-demographic dividend
13008,LCN,,Latin America & Caribbean
13009,LAC,,Latin America & Caribbean (excluding high income)
13010,TLA,,Latin America & the Caribbean (IDA & IBRD countries)
13011,LDC,,Least developed countries: UN classification
13012,LMY,,Low & middle income
13013,LIC,,Low income
13014,LMC,,Lower middle income
13015,MEA,,Middle East & North Africa
13016,MNA,,Middle East & North Africa (excluding high income)
13017,TMN,,Middle East & North Africa (IDA & IBRD countries)
13018,MIC,,Middle income
13019,NAC,,North America
13020,INX,,Not classified
13021,OED,,OECD members
13022,OSS,,Other small states
13023,PSS,,Pacific island small states
13024,PST,,Post-demographic dividend
13025,PRE,,Pre-demographic dividend
13026,SST,,Small states
13027,SAS,,South Asia
13028,TSA,,South Asia (IDA & IBRD)
13029,SSF,,Sub-Saharan Africa
13030,SSA,,Sub-Saharan Africa (excluding high income)
13031,TSS,,Sub-Saharan Africa (IDA & IBRD countries)
13032,UMC,,Upper middle income
13033,WLD,,World
13047,BHS,Bahamas,"Bahamas, The"
13057,BOL,Bolivia (Plurinational State of),Bolivia
13073,CHI,,Channel Islands
13078,COD,Democratic Republic of the Congo,"Congo, Dem. Rep."
13079,COG,Congo,"Congo, Rep."
13081,CIV,Côte d’Ivoire,Cote d'Ivoire
13084,CUW,Curaçao,Curacao
13092,EGY,Egypt,"Egypt, Arab Rep."
13105,GMB,Gambia,"Gambia, The"
13120,HKG,"China, Hong Kong Special Administrative Region","Hong Kong SAR, China"
13125,IRN,Iran (Islamic Republic of),"Iran, Islamic Rep."
13137,PRK,Democratic People's Republic of Korea,"Korea, Dem. People's Rep."
13138,KOR,Republic of Korea,"Korea, Rep."
13139,XKX,,Kosovo
13141,KGZ,Kyrgyzstan,Kyrgyz Republic
13142,LAO,Lao People's Democratic Republic,Lao PDR
13151,MAC,"China, Macao Special Administrative Region","Macao SAR, China"
13162,FSM,Micronesia (Federated States of),"Micronesia, Fed. Sts."
13163,MDA,Republic of Moldova,Moldova
13173,NLD,Netherlands (Kingdom of the),Netherlands
13207,SVK,Slovakia,Slovak Republic
13215,KNA,Saint Kitts and Nevis,St. Kitts and Nevis
13216,LCA,Saint Lucia,St. Lucia
13217,MAF,Saint Martin (French Part),St. Martin (French part)
13218,VCT,Saint Vincent and the Grenadines,St. Vincent and the Grenadines
13225,TZA,United Republic of Tanzania,Tanzania
13232,TUR,Türkiye,Turkiye
13239,GBR,United Kingdom of Great Britain and Northern Ireland,United Kingdom
13240,USA,United States of America,United States
13244,VEN,Venezuela (Bolivarian Republic of),"Venezuela, RB"
13246,VIR,United States Virgin Islands,Virgin Islands (U.S.)
13247,PSE,State of Palestine,West Bank and Gaza
13248,YEM,Yemen,"Yemen, Rep."
13251,AFE,,Africa Eastern and Southern
13252,AFW,,Africa Western and Central
13253,ARB,,Arab World
13254,CSS,,Caribbean small states
13255,CEB,,Central Europe and the Baltics
13256,EAR,,Early-demographic dividend
13257,EAS,,East Asia & Pacific
13258,EAP,,East Asia & Pacific (excluding high income)
13259,TEA,,East Asia & Pacific (IDA & IBRD countries)
13260,EMU,,Euro area
13261,ECS,,Europe & Central Asia
13262,ECA,,Europe & Central Asia (excluding high income)
13263,TEC,,Europe & Central Asia (IDA & IBRD countries)
13264,EUU,,European Union
13265,FCS,,Fragile and conflict affected situations
13266,HPC,,Heavily indebted poor countries (HIPC)
13267,HIC,,High income
13268,IBD,,IBRD only
13269,IBT,,IDA & IBRD total
13270,IDB,,IDA blend
13271,IDX,,IDA only
13272,IDA,,IDA total
13273,LTE,,Late-demographic dividend
13274,LCN,,Latin America & Caribbean
13275,LAC,,Latin America & Caribbean (excluding high income)
13276,TLA,,Latin America & the Caribbean (IDA & IBRD countries)
13277,LDC,,Least developed countries: UN classification
13278,LMY,,Low & middle income
13279,LIC,,Low income
13280,LMC,,Lower middle income
13281,MEA,,Middle East & North Africa
13282,MNA,,Middle East & North Africa (excluding high income)
13283,TMN,,Middle East & North Africa (IDA & IBRD countries)
13284,MIC,,Middle income
13285,NAC,,North America
13286,INX,,Not classified
13287,OED,,OECD members
13288,OSS,,Other small states
13289,PSS,,Pacific island small states
13290,PST,,Post-demographic dividend
13291,PRE,,Pre-demographic dividend
13292,SST,,Small states
13293,SAS,,South Asia
13294,TSA,,South Asia (IDA & IBRD)
13295,SSF,,Sub-Saharan Africa
13296,SSA,,Sub-Saharan Africa (excluding high income)
13297,TSS,,Sub-Saharan Africa (IDA & IBRD countries)
13298,UMC,,Upper middle income
13299,WLD,,World
13313,BHS,Bahamas,"Bahamas, The"
13323,BOL,Bolivia (Plurinational State of),Bolivia
13339,CHI,,Channel Islands
13344,COD,Democratic Republic of the Congo,"Congo, Dem. Rep."
13345,COG,Congo,"Congo, Rep."
13347,CIV,Côte d’Ivoire,Cote d'Ivoire
13350,CUW,Curaçao,Curacao
13358,EGY,Egypt,"Egypt, Arab Rep."
13371,GMB,Gambia,"Gambia, The"
13386,HKG,"China, Hong Kong Special Administrative Region","Hong Kong SAR, China"
13391,IRN,Iran (Islamic Republic of),"Iran, Islamic Rep."
13403,PRK,Democratic People's Republic of Korea,"Korea, Dem. People's Rep."
13404,KOR,Republic of Korea,"Korea, Rep."
13405,XKX,,Kosovo
13407,KGZ,Kyrgyzstan,Kyrgyz Republic
13408,LAO,Lao People's Democratic Republic,Lao PDR
13417,MAC,"China, Macao Special Administrative Region","Macao SAR, China"
13428,FSM,Micronesia (Federated States of),"Micronesia, Fed. Sts."
13429,MDA,Republic of Moldova,Moldova
13439,NLD,Netherlands (Kingdom of the),Netherlands
13473,SVK,Slovakia,Slovak Republic
13481,KNA,Saint Kitts and Nevis,St. Kitts and Nevis
13482,LCA,Saint Lucia,St. Lucia
13483,MAF,Saint Martin (French Part),St. Martin (French part)
13484,VCT,Saint Vincent and the Grenadines,St. Vincent and the Grenadines
13491,TZA,United Republic of Tanzania,Tanzania
13498,TUR,Türkiye,Turkiye
13505,GBR,United Kingdom of Great Britain and Northern Ireland,United Kingdom
13506,USA,United States of America,United States
13510,VEN,Venezuela (Bolivarian Republic of),"Venezuela, RB"
13512,VIR,United States Virgin Islands,Virgin Islands (U.S.)
13513,PSE,State of Palestine,West Bank and Gaza
13514,YEM,Yemen,"Yemen, Rep."
13517,AFE,,Africa Eastern and Southern
13518,AFW,,Africa Western and Central
13519,ARB,,Arab World
13520,CSS,,Caribbean small states
13521,CEB,,Central Europe and the Baltics
13522,EAR,,Early-demographic dividend
13523,EAS,,East Asia & Pacific
13524,EAP,,East Asia & Pacific (excluding high income)
13525,TEA,,East Asia & Pacific (IDA & IBRD countries)
13526,EMU,,Euro area
13527,ECS,,Europe & Central Asia
13528,ECA,,Europe & Central Asia (excluding high income)
13529,TEC,,Europe & Central Asia (IDA & IBRD countries)
13530,EUU,,European Union
13531,FCS,,Fragile and conflict affected situations
13532,HPC,,Heavily indebted poor countries (HIPC)
13533,HIC,,High income
13534,IBD,,IBRD only
13535,IBT,,IDA & IBRD total
13536,IDB,,IDA blend
13537,IDX,,IDA only
13538,IDA,,IDA total
13539,LTE,,Late-demographic dividend
13540,LCN,,Latin America & Caribbean
13541,LAC,,Latin America & Caribbean (excluding high income)
13542,TLA,,Latin America & the Caribbean (IDA & IBRD countries)
13543,LDC,,Least developed countries: UN classification
13544,LMY,,Low & middle income
13545,LIC,,Low income
13546,LMC,,Lower middle income
13547,MEA,,Middle East & North Africa
13548,MNA,,Middle East & North Africa (excluding high income)
13549,TMN,,Middle East & North Africa (IDA & IBRD countries)
13550,MIC,,Middle income
13551,NAC,,North America
13552,INX,,Not classified
13553,OED,,OECD members
13554,OSS,,Other small states
13555,PSS,,Pacific island small states
13556,PST,,Post-demographic dividend
13557,PRE,,Pre-demographic dividend
13558,SST,,Small states
13559,SAS,,South Asia
13560,TSA,,South Asia (IDA & IBRD)
13561,SSF,,Sub-Saharan Africa
13562,SSA,,Sub-Saharan Africa (excluding high income)
13563,TSS,,Sub-Saharan Africa (IDA & IBRD countries)
13564,UMC,,Upper middle income
13565,WLD,,World
13579,BHS,Bahamas,"Bahamas, The"
13589,BOL,Bolivia (Plurinational State of),Bolivia
13605,CHI,,Channel Islands
13610,COD,Democratic Republic of the Congo,"Congo, Dem. Rep."
13611,COG,Congo,"Congo, Rep."
13613,CIV,Côte d’Ivoire,Cote d'Ivoire
13616,CUW,Curaçao,Curacao
13624,EGY,Egypt,"Egypt, Arab Rep."
13637,GMB,Gambia,"Gambia, The"
13652,HKG,"China, Hong Kong Special Administrative Region","Hong Kong SAR, China"
13657,IRN,Iran (Islamic Republic of),"Iran, Islamic Rep."
13669,PRK,Democratic People's Republic of Korea,"Korea, Dem. People's Rep."
13670,KOR,Republic of Korea,"Korea, Rep."
13671,XKX,,Kosovo
13673,KGZ,Kyrgyzstan,Kyrgyz Republic
13674,LAO,Lao People's Democratic Republic,Lao PDR
13683,MAC,"China, Macao Special Administrative Region","Macao SAR, China"
13694,FSM,Micronesia (Federated States of),"Micronesia, Fed. Sts."
13695,MDA,Republic of Moldova,Moldova
13705,NLD,Netherlands (Kingdom of the),Netherlands
13739,SVK,Slovakia,Slovak Republic
13747,KNA,Saint Kitts and Nevis,St. Kitts and Nevis
13748,LCA,Saint Lucia,St. Lucia
13749,MAF,Saint Martin (French Part),St. Martin (French part)
13750,VCT,Saint Vincent and the Grenadines,St. Vincent and the Grenadines
13757,TZA,United Republic of Tanzania,Tanzania
13764,TUR,Türkiye,Turkiye
13771,GBR,United Kingdom of Great Britain and Northern Ireland,United Kingdom
13772,USA,United States of America,United States
13776,VEN,Venezuela (Bolivarian Republic of),"Venezuela, RB"
13778,VIR,United States Virgin Islands,Virgin Islands (U.S.)
13779,PSE,State of Palestine,West Bank and Gaza
13780,YEM,Yemen,"Yemen, Rep."
13783,AFE,,Africa Eastern and Southern
13784,AFW,,Africa Western and Central
13785,ARB,,Arab World
13786,CSS,,Caribbean small states
13787,CEB,,Central Europe and the Baltics
13788,EAR,,Early-demographic dividend
13789,EAS,,East Asia & Pacific
13790,EAP,,East Asia & Pacific (excluding high income)
13791,TEA,,East Asia & Pacific (IDA & IBRD countries)
13792,EMU,,Euro area
13793,ECS,,Europe & Central Asia
13794,ECA,,Europe & Central Asia (excluding high income)
13795,TEC,,Europe & Central Asia (IDA & IBRD countries)
13796,EUU,,European Union
13797,FCS,,Fragile and conflict affected situations
13798,HPC,,Heavily indebted poor countries (HIPC)
13799,HIC,,High income
13800,IBD,,IBRD only
13801,IBT,,IDA & IBRD total
13802,IDB,,IDA blend
13803,IDX,,IDA only
13804,IDA,,IDA total
13805,LTE,,Late-demographic dividend
13806,LCN,,Latin America & Caribbean
13807,LAC,,Latin America & Caribbean (excluding high income)
13808,TLA,,Latin America & the Caribbean (IDA & IBRD countries)
13809,LDC,,Least developed countries: UN classification
13810,LMY,,Low & middle income
13811,LIC,,Low income
13812,LMC,,Lower middle income
13813,MEA,,Middle East & North Africa
13814,MNA,,Middle East & North Africa (excluding high income)
13815,TMN,,Middle East & North Africa (IDA & IBRD countries)
13816,MIC,,Middle income
13817,NAC,,North America
13818,INX,,Not classified
13819,OED,,OECD members
13820,OSS,,Other small states
13821,PSS,,Pacific island small states
13822,PST,,Post-demographic dividend
13823,PRE,,Pre-demographic dividend
13824,SST,,Small states
13825,SAS,,South Asia
13826,TSA,,South Asia (IDA & IBRD)
13827,SSF,,Sub-Saharan Africa
13828,SSA,,Sub-Saharan Africa (excluding high income)
13829,TSS,,Sub-Saharan Africa (IDA & IBRD countries)
13830,UMC,,Upper middle income
13831,WLD,,World
13845,BHS,Bahamas,"Bahamas, The"
13855,BOL,Bolivia (Plurinational State of),Bolivia
13871,CHI,,Channel Islands
13876,COD,Democratic Republic of the Congo,"Congo, Dem. Rep."
13877,COG,Congo,"Congo, Rep."
13879,CIV,Côte d’Ivoire,Cote d'Ivoire
13882,CUW,Curaçao,Curacao
13890,EGY,Egypt,"Egypt, Arab Rep."
13903,GMB,Gambia,"Gambia, The"
13918,HKG,"China, Hong Kong Special Administrative Region","Hong Kong SAR, China"
13923,IRN,Iran (Islamic Republic of),"Iran, Islamic Rep."
13935,PRK,Democratic People's Republic of Korea,"Korea, Dem. People's Rep."
13936,KOR,Republic of Korea,"Korea, Rep."
13937,XKX,,Kosovo
13939,KGZ,Kyrgyzstan,Kyrgyz Republic
13940,LAO,Lao People's Democratic Republic,Lao PDR
13949,MAC,"China, Macao Special Administrative Region","Macao SAR, China"
13960,FSM,Micronesia (Federated States of),"Micronesia, Fed. Sts."
13961,MDA,Republic of Moldova,Moldova
13971,NLD,Netherlands (Kingdom of the),Netherlands
14005,SVK,Slovakia,Slovak Republic
14013,KNA,Saint Kitts and Nevis,St. Kitts and Nevis
14014,LCA,Saint Lucia,St. Lucia
14015,MAF,Saint Martin (French Part),St. Martin (French part)
14016,VCT,Saint Vincent and the Grenadines,St. Vincent and the Grenadines
14023,TZA,United Republic of Tanzania,Tanzania
14030,TUR,Türkiye,Turkiye
14037,GBR,United Kingdom of Great Britain and Northern Ireland,United Kingdom
14038,USA,United States of America,United States
14042,VEN,Venezuela (Bolivarian Republic of),"Venezuela, RB"
14044,VIR,United States Virgin Islands,Virgin Islands (U.S.)
14045,PSE,State of Palestine,West Bank and Gaza
14046,YEM,Yemen,"Yemen, Rep."
14049,AFE,,Africa Eastern and Southern
14050,AFW,,Africa Western and Central
14051,ARB,,Arab World
14052,CSS,,Caribbean small states
14053,CEB,,Central Europe and the Baltics
14054,EAR,,Early-demographic dividend
14055,EAS,,East Asia & Pacific
14056,EAP,,East Asia & Pacific (excluding high income)
14057,TEA,,East Asia & Pacific (IDA & IBRD countries)
14058,EMU,,Euro area
14059,ECS,,Europe & Central Asia
14060,ECA,,Europe & Central Asia (excluding high income)
14061,TEC,,Europe & Central Asia (IDA & IBRD countries)
14062,EUU,,European Union
14063,FCS,,Fragile and conflict affected situations
14064,HPC,,Heavily indebted poor countries (HIPC)
14065,HIC,,High income
14066,IBD,,IBRD only
14067,IBT,,IDA & IBRD total
14068,IDB,,IDA blend
14069,IDX,,IDA only
14070,IDA,,IDA total
14071,LTE,,Late-demographic dividend
14072,LCN,,Latin America & Caribbean
14073,LAC,,Latin America & Caribbean (excluding high income)
14074,TLA,,Latin America & the Caribbean (IDA & IBRD countries)
14075,LDC,,Least developed countries: UN classification
14076,LMY,,Low & middle income
14077,LIC,,Low income
14078,LMC,,Lower middle income
14079,MEA,,Middle East & North Africa
14080,MNA,,Middle East & North Africa (excluding high income)
14081,TMN,,Middle East & North Africa (IDA & IBRD countries)
14082,MIC,,Middle income
14083,NAC,,North America
14084,INX,,Not classified
14085,OED,,OECD members
14086,OSS,,Other small states
14087,PSS,,Pacific island small states
14088,PST,,Post-demographic dividend
14089,PRE,,Pre-demographic dividend
14090,SST,,Small states
14091,SAS,,South Asia
14092,TSA,,South Asia (IDA & IBRD)
14093,SSF,,Sub-Saharan Africa
14094,SSA,,Sub-Saharan Africa (excluding high income)
14095,TSS,,Sub-Saharan Africa (IDA & IBRD countries)
14096,UMC,,Upper middle income
14097,WLD,,World
14111,BHS,Bahamas,"Bahamas, The"
14121,BOL,Bolivia (Plurinational State of),Bolivia
14137,CHI,,Channel Islands
14142,COD,Democratic Republic of the Congo,"Congo, Dem. Rep."
14143,COG,Congo,"Congo, Rep."
14145,CIV,Côte d’Ivoire,Cote d'Ivoire
14148,CUW,Curaçao,Curacao
14156,EGY,Egypt,"Egypt, Arab Rep."
14169,GMB,Gambia,"Gambia, The"
14184,HKG,"China, Hong Kong Special Administrative Region","Hong Kong SAR, China"
14189,IRN,Iran (Islamic Republic of),"Iran, Islamic Rep."
14201,PRK,Democratic People's Republic of Korea,"Korea, Dem. People's Rep."
14202,KOR,Republic of Korea,"Korea, Rep."
14203,XKX,,Kosovo
14205,KGZ,Kyrgyzstan,Kyrgyz Republic
14206,LAO,Lao People's Democratic Republic,Lao PDR
14215,MAC,"China, Macao Special Administrative Region","Macao SAR, China"
14226,FSM,Micronesia (Federated States of),"Micronesia, Fed. Sts."
14227,MDA,Republic of Moldova,Moldova
14237,NLD,Netherlands (Kingdom of the),Netherlands
14271,SVK,Slovakia,Slovak Republic
14279,KNA,Saint Kitts and Nevis,St. Kitts and Nevis
14280,LCA,Saint Lucia,St. Lucia
14281,MAF,Saint Martin (French Part),St. Martin (French part)
14282,VCT,Saint Vincent and the Grenadines,St. Vincent and the Grenadines
14289,TZA,United Republic of Tanzania,Tanzania
14296,TUR,Türkiye,Turkiye
14303,GBR,United Kingdom of Great Britain and Northern Ireland,United Kingdom
14304,USA,United States of America,United States
14308,VEN,Venezuela (Bolivarian Republic of),"Venezuela, RB"
14310,VIR,United States Virgin Islands,Virgin Islands (U.S.)
14311,PSE,State of Palestine,West Bank and Gaza
14312,YEM,Yemen,"Yemen, Rep."
14315,AFE,,Africa Eastern and Southern
14316,AFW,,Africa Western and Central
14317,ARB,,Arab World
14318,CSS,,Caribbean small states
14319,CEB,,Central Europe and the Baltics
14320,EAR,,Early-demographic dividend
14321,EAS,,East Asia & Pacific
14322,EAP,,East Asia & Pacific (excluding high income)
14323,TEA,,East Asia & Pacific (IDA & IBRD countries)
14324,EMU,,Euro area
14325,ECS,,Europe & Central Asia
14326,ECA,,Europe & Central Asia (excluding high income)
14327,TEC,,Europe & Central Asia (IDA & IBRD countries)
14328,EUU,,European Union
14329,FCS,,Fragile and conflict affected situations
14330,HPC,,Heavily indebted poor countries (HIPC)
14331,HIC,,High income
14332,IBD,,IBRD only
14333,IBT,,IDA & IBRD total
14334,IDB,,IDA blend
14335,IDX,,IDA only
14336,IDA,,IDA total
14337,LTE,,Late-demographic dividend
14338,LCN,,Latin America & Caribbean
14339,LAC,,Latin America & Caribbean (excluding high income)
14340,TLA,,Latin America & the Caribbean (IDA & IBRD countries)
14341,LDC,,Least developed countries: UN classification
14342,LMY,,Low & middle income
14343,LIC,,Low income
14344,LMC,,Lower middle income
14345,MEA,,Middle East & North Africa
14346,MNA,,Middle East & North Africa (excluding high income)
14347,TMN,,Middle East & North Africa (IDA & IBRD countries)
14348,MIC,,Middle income
14349,NAC,,North America
14350,INX,,Not classified
14351,OED,,OECD members
14352,OSS,,Other small states
14353,PSS,,Pacific island small states
14354,PST,,Post-demographic dividend
14355,PRE,,Pre-demographic dividend
14356,SST,,Small states
14357,SAS,,South Asia
14358,TSA,,South Asia (IDA & IBRD)
14359,SSF,,Sub-Saharan Africa
14360,SSA,,Sub-Saharan Africa (excluding high income)
14361,TSS,,Sub-Saharan Africa (IDA & IBRD countries)
14362,UMC,,Upper middle income
14363,WLD,,World
14377,BHS,Bahamas,"Bahamas, The"
14387,BOL,Bolivia (Plurinational State of),Bolivia
14403,CHI,,Channel Islands
14408,COD,Democratic Republic of the Congo,"Congo, Dem. Rep."
14409,COG,Congo,"Congo, Rep."
14411,CIV,Côte d’Ivoire,Cote d'Ivoire
14414,CUW,Curaçao,Curacao
14422,EGY,Egypt,"Egypt, Arab Rep."
14435,GMB,Gambia,"Gambia, The"
14450,HKG,"China, Hong Kong Special Administrative Region","Hong Kong SAR, China"
14455,IRN,Iran (Islamic Republic of),"Iran, Islamic Rep."
14467,PRK,Democratic People's Republic of Korea,"Korea, Dem. People's Rep."
14468,KOR,Republic of Korea,"Korea, Rep."
14469,XKX,,Kosovo
14471,KGZ,Kyrgyzstan,Kyrgyz Republic
14472,LAO,Lao People's Democratic Republic,Lao PDR
14481,MAC,"China, Macao Special Administrative Region","Macao SAR, China"
14492,FSM,Micronesia (Federated States of),"Micronesia, Fed. Sts."
14493,MDA,Republic of Moldova,Moldova
14503,NLD,Netherlands (Kingdom of the),Netherlands
14537,SVK,Slovakia,Slovak Republic
14545,KNA,Saint Kitts and Nevis,St. Kitts and Nevis
14546,LCA,Saint Lucia,St. Lucia
14547,MAF,Saint Martin (French Part),St. Martin (French part)
14548,VCT,Saint Vincent and the Grenadines,St. Vincent and the Grenadines
14555,TZA,United Republic of Tanzania,Tanzania
14562,TUR,Türkiye,Turkiye
14569,GBR,United Kingdom of Great Britain and Northern Ireland,United Kingdom
14570,USA,United States of America,United States
14574,VEN,Venezuela (Bolivarian Republic of),"Venezuela, RB"
14576,VIR,United States Virgin Islands,Virgin Islands (U.S.)
14577,PSE,State of Palestine,West Bank and Gaza
14578,YEM,Yemen,"Yemen, Rep."
14581,AFE,,Africa Eastern and Southern
14582,AFW,,Africa Western and Central
14583,ARB,,Arab World
14584,CSS,,Caribbean small states
14585,CEB,,Central Europe and the Baltics
14586,EAR,,Early-demographic dividend
14587,EAS,,East Asia & Pacific
14588,EAP,,East Asia & Pacific (excluding high income)
14589,TEA,,East Asia & Pacific (IDA & IBRD countries)
14590,EMU,,Euro area
14591,ECS,,Europe & Central Asia
14592,ECA,,Europe & Central Asia (excluding high income)
14593,TEC,,Europe & Central Asia (IDA & IBRD countries)
14594,EUU,,European Union
14595,FCS,,Fragile and conflict affected situations
14596,HPC,,Heavily indebted poor countries (HIPC)
14597,HIC,,High income
14598,IBD,,IBRD only
14599,IBT,,IDA & IBRD total
14600,IDB,,IDA blend
14601,IDX,,IDA only
14602,IDA,,IDA total
14603,LTE,,Late-demographic dividend
14604,LCN,,Latin America & Caribbean
14605,LAC,,Latin America & Caribbean (excluding high income)
14606,TLA,,Latin America & the Caribbean (IDA & IBRD countries)
14607,LDC,,Least developed countries: UN classification
14608,LMY,,Low & middle income
14609,LIC,,Low income
14610,LMC,,Lower middle income
14611,MEA,,Middle East & North Africa
14612,MNA,,Middle East & North Africa (excluding high income)
14613,TMN,,Middle East & North Africa (IDA & IBRD countries)
14614,MIC,,Middle income
14615,NAC,,North America
14616,INX,,Not classified
14617,OED,,OECD members
14618,OSS,,Other small states
14619,PSS,,Pacific island small states
14620,PST,,Post-demographic dividend
14621,PRE,,Pre-demographic dividend
14622,SST,,Small states
14623,SAS,,South Asia
14624,TSA,,South Asia (IDA & IBRD)
14625,SSF,,Sub-Saharan Africa
14626,SSA,,Sub-Saharan Africa (excluding high income)
14627,TSS,,Sub-Saharan Africa (IDA & IBRD countries)
14628,UMC,,Upper middle income
14629,WLD,,World
14643,BHS,Bahamas,"Bahamas, The"
14653,BOL,Bolivia (Plurinational State of),Bolivia
14669,CHI,,Channel Islands
14674,COD,Democratic Republic of the Congo,"Congo, Dem. Rep."
14675,COG,Congo,"Congo, Rep."
14677,CIV,Côte d’Ivoire,Cote d'Ivoire
14680,CUW,Curaçao,Curacao
14688,EGY,Egypt,"Egypt, Arab Rep."
14701,GMB,Gambia,"Gambia, The"
14716,HKG,"China, Hong Kong Special Administrative Region","Hong Kong SAR, China"
14721,IRN,Iran (Islamic Republic of),"Iran, Islamic Rep."
14733,PRK,Democratic People's Republic of Korea,"Korea, Dem. People's Rep."
14734,KOR,Republic of Korea,"Korea, Rep."
14735,XKX,,Kosovo
14737,KGZ,Kyrgyzstan,Kyrgyz Republic
14738,LAO,Lao People's Democratic Republic,Lao PDR
14747,MAC,"China, Macao Special Administrative Region","Macao SAR, China"
14758,FSM,Micronesia (Federated States of),"Micronesia, Fed. Sts."
14759,MDA,Republic of Moldova,Moldova
14769,NLD,Netherlands (Kingdom of the),Netherlands
14803,SVK,Slovakia,Slovak Republic
14811,KNA,Saint Kitts and Nevis,St. Kitts and Nevis
14812,LCA,Saint Lucia,St. Lucia
14813,MAF,Saint Martin (French Part),St. Martin (French part)
14814,VCT,Saint Vincent and the Grenadines,St. Vincent and the Grenadines
14821,TZA,United Republic of Tanzania,Tanzania
14828,TUR,Türkiye,Turkiye
14835,GBR,United Kingdom of Great Britain and Northern Ireland,United Kingdom
14836,USA,United States of America,United States
14840,VEN,Venezuela (Bolivarian Republic of),"Venezuela, RB"
14842,VIR,United States Virgin Islands,Virgin Islands (U.S.)
14843,PSE,State of Palestine,West Bank and Gaza
14844,YEM,Yemen,"Yemen, Rep."
14847,AFE,,Africa Eastern and Southern
14848,AFW,,Africa Western and Central
14849,ARB,,Arab World
14850,CSS,,Caribbean small states
14851,CEB,,Central Europe and the Baltics
14852,EAR,,Early-demographic dividend
14853,EAS,,East Asia & Pacific
14854,EAP,,East Asia & Pacific (excluding high income)
14855,TEA,,East Asia & Pacific (IDA & IBRD countries)
14856,EMU,,Euro area
14857,ECS,,Europe & Central Asia
14858,ECA,,Europe & Central Asia (excluding high income)
14859,TEC,,Europe & Central Asia (IDA & IBRD countries)
14860,EUU,,European Union
14861,FCS,,Fragile and conflict affected situations
14862,HPC,,Heavily indebted poor countries (HIPC)
14863,HIC,,High income
14864,IBD,,IBRD only
14865,IBT,,IDA & IBRD total
14866,IDB,,IDA blend
14867,IDX,,IDA only
14868,IDA,,IDA total
14869,LTE,,Late-demographic dividend
14870,LCN,,Latin America & Caribbean
14871,LAC,,Latin America & Caribbean (excluding high income)
14872,TLA,,Latin America & the Caribbean (IDA & IBRD countries)
14873,LDC,,Least developed countries: UN classification
14874,LMY,,Low & middle income
14875,LIC,,Low income
14876,LMC,,Lower middle income
14877,MEA,,Middle East & North Africa
14878,MNA,,Middle East & North Africa (excluding high income)
14879,TMN,,Middle East & North Africa (IDA & IBRD countries)
14880,MIC,,Middle income
14881,NAC,,North America
14882,INX,,Not classified
14883,OED,,OECD members
14884,OSS,,Other small states
14885,PSS,,Pacific island small states
14886,PST,,Post-demographic dividend
14887,PRE,,Pre-demographic dividend
14888,SST,,Small states
14889,SAS,,South Asia
14890,TSA,,South Asia (IDA & IBRD)
14891,SSF,,Sub-Saharan Africa
14892,SSA,,Sub-Saharan Africa (excluding high income)
14893,TSS,,Sub-Saharan Africa (IDA & IBRD countries)
14894,UMC,,Upper middle income
14895,WLD,,World
14909,BHS,Bahamas,"Bahamas, The"
14919,BOL,Bolivia (Plurinational State of),Bolivia
14935,CHI,,Channel Islands
14940,COD,Democratic Republic of the Congo,"Congo, Dem. Rep."
14941,COG,Congo,"Congo, Rep."
14943,CIV,Côte d’Ivoire,Cote d'Ivoire
14946,CUW,Curaçao,Curacao
14954,EGY,Egypt,"Egypt, Arab Rep."
14967,GMB,Gambia,"Gambia, The"
14982,HKG,"China, Hong Kong Special Administrative Region","Hong Kong SAR, China"
14987,IRN,Iran (Islamic Republic of),"Iran, Islamic Rep."
14999,PRK,Democratic People's Republic of Korea,"Korea, Dem. People's Rep."
15000,KOR,Republic of Korea,"Korea, Rep."
15001,XKX,,Kosovo
15003,KGZ,Kyrgyzstan,Kyrgyz Republic
15004,LAO,Lao People's Democratic Republic,Lao PDR
15013,MAC,"China, Macao Special Administrative Region","Macao SAR, China"
15024,FSM,Micronesia (Federated States of),"Micronesia, Fed. Sts."
15025,MDA,Republic of Moldova,Moldova
15035,NLD,Netherlands (Kingdom of the),Netherlands
15069,SVK,Slovakia,Slovak Republic
15077,KNA,Saint Kitts and Nevis,St. Kitts and Nevis
15078,LCA,Saint Lucia,St. Lucia
15079,MAF,Saint Martin (French Part),St. Martin (French part)
15080,VCT,Saint Vincent and the Grenadines,St. Vincent and the Grenadines
15087,TZA,United Republic of Tanzania,Tanzania
15094,TUR,Türkiye,Turkiye
15101,GBR,United Kingdom of Great Britain and Northern Ireland,United Kingdom
15102,USA,United States of America,United States
15106,VEN,Venezuela (Bolivarian Republic of),"Venezuela, RB"
15108,VIR,United States Virgin Islands,Virgin Islands (U.S.)
15109,PSE,State of Palestine,West Bank and Gaza
15110,YEM,Yemen,"Yemen, Rep."
15113,AFE,,Africa Eastern and Southern
15114,AFW,,Africa Western and Central
15115,ARB,,Arab World
15116,CSS,,Caribbean small states
15117,CEB,,Central Europe and the Baltics
15118,EAR,,Early-demographic dividend
15119,EAS,,East Asia & Pacific
15120,EAP,,East Asia & Pacific (excluding high income)
15121,TEA,,East Asia & Pacific (IDA & IBRD countries)
15122,EMU,,Euro area
15123,ECS,,Europe & Central Asia
15124,ECA,,Europe & Central Asia (excluding high income)
15125,TEC,,Europe & Central Asia (IDA & IBRD countries)
15126,EUU,,European Union
15127,FCS,,Fragile and conflict affected situations
15128,HPC,,Heavily indebted poor countries (HIPC)
15129,HIC,,High income
15130,IBD,,IBRD only
15131,IBT,,IDA & IBRD total
15132,IDB,,IDA blend
15133,IDX,,IDA only
15134,IDA,,IDA total
15135,LTE,,Late-demographic dividend
15136,LCN,,Latin America & Caribbean
15137,LAC,,Latin America & Caribbean (excluding high income)
15138,TLA,,Latin America & the Caribbean (IDA & IBRD countries)
15139,LDC,,Least developed countries: UN classification
15140,LMY,,Low & middle income
15141,LIC,,Low income
15142,LMC,,Lower middle income
15143,MEA,,Middle East & North Africa
15144,MNA,,Middle East & North Africa (excluding high income)
15145,TMN,,Middle East & North Africa (IDA & IBRD countries)
15146,MIC,,Middle income
15147,NAC,,North America
15148,INX,,Not classified
15149,OED,,OECD members
15150,OSS,,Other small states
15151,PSS,,Pacific island small states
15152,PST,,Post-demographic dividend
15153,PRE,,Pre-demographic dividend
15154,SST,,Small states
15155,SAS,,South Asia
15156,TSA,,South Asia (IDA & IBRD)
15157,SSF,,Sub-Saharan Africa
15158,SSA,,Sub-Saharan Africa (excluding high income)
15159,TSS,,Sub-Saharan Africa (IDA & IBRD countries)
15160,UMC,,Upper middle income
15161,WLD,,World
15175,BHS,Bahamas,"Bahamas, The"
15185,BOL,Bolivia (Plurinational State of),Bolivia
15201,CHI,,Channel Islands
15206,COD,Democratic Republic of the Congo,"Congo, Dem. Rep."
15207,COG,Congo,"Congo, Rep."
15209,CIV,Côte d’Ivoire,Cote d'Ivoire
15212,CUW,Curaçao,Curacao
15220,EGY,Egypt,"Egypt, Arab Rep."
15233,GMB,Gambia,"Gambia, The"
15248,HKG,"China, Hong Kong Special Administrative Region","Hong Kong SAR, China"
15253,IRN,Iran (Islamic Republic of),"Iran, Islamic Rep."
15265,PRK,Democratic People's Republic of Korea,"Korea, Dem. People's Rep."
15266,KOR,Republic of Korea,"Korea, Rep."
15267,XKX,,Kosovo
15269,KGZ,Kyrgyzstan,Kyrgyz Republic
15270,LAO,Lao People's Democratic Republic,Lao PDR
15279,MAC,"China, Macao Special Administrative Region","Macao SAR, China"
15290,FSM,Micronesia (Federated States of),"Micronesia, Fed. Sts."
15291,MDA,Republic of Moldova,Moldova
15301,NLD,Netherlands (Kingdom of the),Netherlands
15335,SVK,Slovakia,Slovak Republic
15343,KNA,Saint Kitts and Nevis,St. Kitts and Nevis
15344,LCA,Saint Lucia,St. Lucia
15345,MAF,Saint Martin (French Part),St. Martin (French part)
15346,VCT,Saint Vincent and the Grenadines,St. Vincent and the Grenadines
15353,TZA,United Republic of Tanzania,Tanzania
15360,TUR,Türkiye,Turkiye
15367,GBR,United Kingdom of Great Britain and Northern Ireland,United Kingdom
15368,USA,United States of America,United States
15372,VEN,Venezuela (Bolivarian Republic of),"Venezuela, RB"
15374,VIR,United States Virgin Islands,Virgin Islands (U.S.)
15375,PSE,State of Palestine,West Bank and Gaza
15376,YEM,Yemen,"Yemen, Rep."
15379,AFE,,Africa Eastern and Southern
15380,AFW,,Africa Western and Central
15381,ARB,,Arab World
15382,CSS,,Caribbean small states
15383,CEB,,Central Europe and the Baltics
15384,EAR,,Early-demographic dividend
15385,EAS,,East Asia & Pacific
15386,EAP,,East Asia & Pacific (excluding high income)
15387,TEA,,East Asia & Pacific (IDA & IBRD countries)
15388,EMU,,Euro area
15389,ECS,,Europe & Central Asia
15390,ECA,,Europe & Central Asia (excluding high income)
15391,TEC,,Europe & Central Asia (IDA & IBRD countries)
15392,EUU,,European Union
15393,FCS,,Fragile and conflict affected situations
15394,HPC,,Heavily indebted poor countries (HIPC)
15395,HIC,,High income
15396,IBD,,IBRD only
15397,IBT,,IDA & IBRD total
15398,IDB,,IDA blend
15399,IDX,,IDA only
15400,IDA,,IDA total
15401,LTE,,Late-demographic dividend
15402,LCN,,Latin America & Caribbean
15403,LAC,,Latin America & Caribbean (excluding high income)
15404,TLA,,Latin America & the Caribbean (IDA & IBRD countries)
15405,LDC,,Least developed countries: UN classification
15406,LMY,,Low & middle income
15407,LIC,,Low income
15408,LMC,,Lower middle income
15409,MEA,,Middle East & North Africa
15410,MNA,,Middle East & North Africa (excluding high income)
15411,TMN,,Middle East & North Africa (IDA & IBRD countries)
15412,MIC,,Middle income
15413,NAC,,North America
15414,INX,,Not classified
15415,OED,,OECD members
15416,OSS,,Other small states
15417,PSS,,Pacific island small states
15418,PST,,Post-demographic dividend
15419,PRE,,Pre-demographic dividend
15420,SST,,Small states
15421,SAS,,South Asia
15422,TSA,,South Asia (IDA & IBRD)
15423,SSF,,Sub-Saharan Africa
15424,SSA,,Sub-Saharan Africa (excluding high income)
15425,TSS,,Sub-Saharan Africa (IDA & IBRD countries)
15426,UMC,,Upper middle income
15427,WLD,,World
15441,BHS,Bahamas,"Bahamas, The"
15451,BOL,Bolivia (Plurinational State of),Bolivia
15467,CHI,,Channel Islands
15472,COD,Democratic Republic of the Congo,"Congo, Dem. Rep."
15473,COG,Congo,"Congo, Rep."
15475,CIV,Côte d’Ivoire,Cote d'Ivoire
15478,CUW,Curaçao,Curacao
15486,EGY,Egypt,"Egypt, Arab Rep."
15499,GMB,Gambia,"Gambia, The"
15514,HKG,"China, Hong Kong Special Administrative Region","Hong Kong SAR, China"
15519,IRN,Iran (Islamic Republic of),"Iran, Islamic Rep."
15531,PRK,Democratic People's Republic of Korea,"Korea, Dem. People's Rep."
15532,KOR,Republic of Korea,"Korea, Rep."
15533,XKX,,Kosovo
15535,KGZ,Kyrgyzstan,Kyrgyz Republic
15536,LAO,Lao People's Democratic Republic,Lao PDR
15545,MAC,"China, Macao Special Administrative Region","Macao SAR, China"
15556,FSM,Micronesia (Federated States of),"Micronesia, Fed. Sts."
15557,MDA,Republic of Moldova,Moldova
15567,NLD,Netherlands (Kingdom of the),Netherlands
15601,SVK,Slovakia,Slovak Republic
15609,KNA,Saint Kitts and Nevis,St. Kitts and Nevis
15610,LCA,Saint Lucia,St. Lucia
15611,MAF,Saint Martin (French Part),St. Martin (French part)
15612,VCT,Saint Vincent and the Grenadines,St. Vincent and the Grenadines
15619,TZA,United Republic of Tanzania,Tanzania
15626,TUR,Türkiye,Turkiye
15633,GBR,United Kingdom of Great Britain and Northern Ireland,United Kingdom
15634,USA,United States of America,United States
15638,VEN,Venezuela (Bolivarian Republic of),"Venezuela, RB"
15640,VIR,United States Virgin Islands,Virgin Islands (U.S.)
15641,PSE,State of Palestine,West Bank and Gaza
15642,YEM,Yemen,"Yemen, Rep."
15645,AFE,,Africa Eastern and Southern
15646,AFW,,Africa Western and Central
15647,ARB,,Arab World
15648,CSS,,Caribbean small states
15649,CEB,,Central Europe and the Baltics
15650,EAR,,Early-demographic dividend
15651,EAS,,East Asia & Pacific
15652,EAP,,East Asia & Pacific (excluding high income)
15653,TEA,,East Asia & Pacific (IDA & IBRD countries)
15654,EMU,,Euro area
15655,ECS,,Europe & Central Asia
15656,ECA,,Europe & Central Asia (excluding high income)
15657,TEC,,Europe & Central Asia (IDA & IBRD countries)
15658,EUU,,European Union
15659,FCS,,Fragile and conflict affected situations
15660,HPC,,Heavily indebted poor countries (HIPC)
15661,HIC,,High income
15662,IBD,,IBRD only
15663,IBT,,IDA & IBRD total
15664,IDB,,IDA blend
15665,IDX,,IDA only
15666,IDA,,IDA total
15667,LTE,,Late-demographic dividend
15668,LCN,,Latin America & Caribbean
15669,LAC,,Latin America & Caribbean (excluding high income)
15670,TLA,,Latin America & the Caribbean (IDA & IBRD countries)
15671,LDC,,Least developed countries: UN classification
15672,LMY,,Low & middle income
15673,LIC,,Low income
15674,LMC,,Lower middle income
15675,MEA,,Middle East & North Africa
15676,MNA,,Middle East & North Africa (excluding high income)
15677,TMN,,Middle East & North Africa (IDA & IBRD countries)
15678,MIC,,Middle income
15679,NAC,,North America
15680,INX,,Not classified
15681,OED,,OECD members
15682,OSS,,Other small states
15683,PSS,,Pacific island small states
15684,PST,,Post-demographic dividend
15685,PRE,,Pre-demographic dividend
15686,SST,,Small states
15687,SAS,,South Asia
15688,TSA,,South Asia (IDA & IBRD)
15689,SSF,,Sub-Saharan Africa
15690,SSA,,Sub-Saharan Africa (excluding high income)
15691,TSS,,Sub-Saharan Africa (IDA & IBRD countries)
15692,UMC,,Upper middle income
15693,WLD,,World
15707,BHS,Bahamas,"Bahamas, The"
15717,BOL,Bolivia (Plurinational State of),Bolivia
15733,CHI,,Channel Islands
15738,COD,Democratic Republic of the Congo,"Congo, Dem. Rep."
15739,COG,Congo,"Congo, Rep."
15741,CIV,Côte d’Ivoire,Cote d'Ivoire
15744,CUW,Curaçao,Curacao
15752,EGY,Egypt,"Egypt, Arab Rep."
15765,GMB,Gambia,"Gambia, The"
15780,HKG,"China, Hong Kong Special Administrative Region","Hong Kong SAR, China"
15785,IRN,Iran (Islamic Republic of),"Iran, Islamic Rep."
15797,PRK,Democratic People's Republic of Korea,"Korea, Dem. People's Rep."
15798,KOR,Republic of Korea,"Korea, Rep."
15799,XKX,,Kosovo
15801,KGZ,Kyrgyzstan,Kyrgyz Republic
15802,LAO,Lao People's Democratic Republic,Lao PDR
15811,MAC,"China, Macao Special Administrative Region","Macao SAR, China"
15822,FSM,Micronesia (Federated States of),"Micronesia, Fed. Sts."
15823,MDA,Republic of Moldova,Moldova
15833,NLD,Netherlands (Kingdom of the),Netherlands
15867,SVK,Slovakia,Slovak Republic
15875,KNA,Saint Kitts and Nevis,St. Kitts and Nevis
15876,LCA,Saint Lucia,St. Lucia
15877,MAF,Saint Martin (French Part),St. Martin (French part)
15878,VCT,Saint Vincent and the Grenadines,St. Vincent and the Grenadines
15885,TZA,United Republic of Tanzania,Tanzania
15892,TUR,Türkiye,Turkiye
15899,GBR,United Kingdom of Great Britain and Northern Ireland,United Kingdom
15900,USA,United States of America,United States
15904,VEN,Venezuela (Bolivarian Republic of),"Venezuela, RB"
15906,VIR,United States Virgin Islands,Virgin Islands (U.S.)
15907,PSE,State of Palestine,West Bank and Gaza
15908,YEM,Yemen,"Yemen, Rep."
15911,AFE,,Africa Eastern and Southern
15912,AFW,,Africa Western and Central
15913,ARB,,Arab World
15914,CSS,,Caribbean small states
15915,CEB,,Central Europe and the Baltics
15916,EAR,,Early-demographic dividend
15917,EAS,,East Asia & Pacific
15918,EAP,,East Asia & Pacific (excluding high income)
15919,TEA,,East Asia & Pacific (IDA & IBRD countries)
15920,EMU,,Euro area
15921,ECS,,Europe & Central Asia
15922,ECA,,Europe & Central Asia (excluding high income)
15923,TEC,,Europe & Central Asia (IDA & IBRD countries)
15924,EUU,,European Union
15925,FCS,,Fragile and conflict affected situations
15926,HPC,,Heavily indebted poor countries (HIPC)
15927,HIC,,High income
15928,IBD,,IBRD only
15929,IBT,,IDA & IBRD total
15930,IDB,,IDA blend
15931,IDX,,IDA only
15932,IDA,,IDA total
15933,LTE,,Late-demographic dividend
15934,LCN,,Latin America & Caribbean
15935,LAC,,Latin America & Caribbean (excluding high income)
15936,TLA,,Latin America & the Caribbean (IDA & IBRD countries)
15937,LDC,,Least developed countries: UN classification
15938,LMY,,Low & middle income
15939,LIC,,Low income
15940,LMC,,Lower middle income
15941,MEA,,Middle East & North Africa
15942,MNA,,Middle East & North Africa (excluding high income)
15943,TMN,,Middle East & North Africa (IDA & IBRD countries)
15944,MIC,,Middle income
15945,NAC,,North America
15946,INX,,Not classified
15947,OED,,OECD members
15948,OSS,,Other small states
15949,PSS,,Pacific island small states
15950,PST,,Post-demographic dividend
15951,PRE,,Pre-demographic dividend
15952,SST,,Small states
15953,SAS,,South Asia
15954,TSA,,South Asia (IDA & IBRD)
15955,SSF,,Sub-Saharan Africa
15956,SSA,,Sub-Saharan Africa (excluding high income)
15957,TSS,,Sub-Saharan Africa (IDA & IBRD countries)
15958,UMC,,Upper middle income
15959,WLD,,World
15973,BHS,Bahamas,"Bahamas, The"
15983,BOL,Bolivia (Plurinational State of),Bolivia
15999,CHI,,Channel Islands
16004,COD,Democratic Republic of the Congo,"Congo, Dem. Rep."
16005,COG,Congo,"Congo, Rep."
16007,CIV,Côte d’Ivoire,Cote d'Ivoire
16010,CUW,Curaçao,Curacao
16018,EGY,Egypt,"Egypt, Arab Rep."
16031,GMB,Gambia,"Gambia, The"
16046,HKG,"China, Hong Kong Special Administrative Region","Hong Kong SAR, China"
16051,IRN,Iran (Islamic Republic of),"Iran, Islamic Rep."
16063,PRK,Democratic People's Republic of Korea,"Korea, Dem. People's Rep."
16064,KOR,Republic of Korea,"Korea, Rep."
16065,XKX,,Kosovo
16067,KGZ,Kyrgyzstan,Kyrgyz Republic
16068,LAO,Lao People's Democratic Republic,Lao PDR
16077,MAC,"China, Macao Special Administrative Region","Macao SAR, China"
16088,FSM,Micronesia (Federated States of),"Micronesia, Fed. Sts."
16089,MDA,Republic of Moldova,Moldova
16099,NLD,Netherlands (Kingdom of the),Netherlands
16133,SVK,Slovakia,Slovak Republic
16141,KNA,Saint Kitts and Nevis,St. Kitts and Nevis
16142,LCA,Saint Lucia,St. Lucia
16143,MAF,Saint Martin (French Part),St. Martin (French part)
16144,VCT,Saint Vincent and the Grenadines,St. Vincent and the Grenadines
16151,TZA,United Republic of Tanzania,Tanzania
16158,TUR,Türkiye,Turkiye
16165,GBR,United Kingdom of Great Britain and Northern Ireland,United Kingdom
16166,USA,United States of America,United States
16170,VEN,Venezuela (Bolivarian Republic of),"Venezuela, RB"
16172,VIR,United States Virgin Islands,Virgin Islands (U.S.)
16173,PSE,State of Palestine,West Bank and Gaza
16174,YEM,Yemen,"Yemen, Rep."
16177,AFE,,Africa Eastern and Southern
16178,AFW,,Africa Western and Central
16179,ARB,,Arab World
16180,CSS,,Caribbean small states
16181,CEB,,Central Europe and the Baltics
16182,EAR,,Early-demographic dividend
16183,EAS,,East Asia & Pacific
16184,EAP,,East Asia & Pacific (excluding high income)
16185,TEA,,East Asia & Pacific (IDA & IBRD countries)
16186,EMU,,Euro area
16187,ECS,,Europe & Central Asia
16188,ECA,,Europe & Central Asia (excluding high income)
16189,TEC,,Europe & Central Asia (IDA & IBRD countries)
16190,EUU,,European Union
16191,FCS,,Fragile and conflict affected situations
16192,HPC,,Heavily indebted poor countries (HIPC)
16193,HIC,,High income
16194,IBD,,IBRD only
16195,IBT,,IDA & IBRD total
16196,IDB,,IDA blend
16197,IDX,,IDA only
16198,IDA,,IDA total
16199,LTE,,Late-demographic dividend
16200,LCN,,Latin America & Caribbean
16201,LAC,,Latin America & Caribbean (excluding high income)
16202,TLA,,Latin America & the Caribbean (IDA & IBRD countries)
16203,LDC,,Least developed countries: UN classification
16204,LMY,,Low & middle income
16205,LIC,,Low income
16206,LMC,,Lower middle income
16207,MEA,,Middle East & North Africa
16208,MNA,,Middle East & North Africa (excluding high income)
16209,TMN,,Middle East & North Africa (IDA & IBRD countries)
16210,MIC,,Middle income
16211,NAC,,North America
16212,INX,,Not classified
16213,OED,,OECD members
16214,OSS,,Other small states
16215,PSS,,Pacific island small states
16216,PST,,Post-demographic dividend
16217,PRE,,Pre-demographic dividend
16218,SST,,Small states
16219,SAS,,South Asia
16220,TSA,,South Asia (IDA & IBRD)
16221,SSF,,Sub-Saharan Africa
16222,SSA,,Sub-Saharan Africa (excluding high income)
16223,TSS,,Sub-Saharan Africa (IDA & IBRD countries)
16224,UMC,,Upper middle income
16225,WLD,,World
16239,BHS,Bahamas,"Bahamas, The"
16249,BOL,Bolivia (Plurinational State of),Bolivia
16265,CHI,,Channel Islands
16270,COD,Democratic Republic of the Congo,"Congo, Dem. Rep."
16271,COG,Congo,"Congo, Rep."
16273,CIV,Côte d’Ivoire,Cote d'Ivoire
16276,CUW,Curaçao,Curacao
16284,EGY,Egypt,"Egypt, Arab Rep."
16297,GMB,Gambia,"Gambia, The"
16312,HKG,"China, Hong Kong Special Administrative Region","Hong Kong SAR, China"
16317,IRN,Iran (Islamic Republic of),"Iran, Islamic Rep."
16329,PRK,Democratic People's Republic of Korea,"Korea, Dem. People's Rep."
16330,KOR,Republic of Korea,"Korea, Rep."
16331,XKX,,Kosovo
16333,KGZ,Kyrgyzstan,Kyrgyz Republic
16334,LAO,Lao People's Democratic Republic,Lao PDR
16343,MAC,"China, Macao Special Administrative Region","Macao SAR, China"
16354,FSM,Micronesia (Federated States of),"Micronesia, Fed. Sts."
16355,MDA,Republic of Moldova,Moldova
16365,NLD,Netherlands (Kingdom of the),Netherlands
16399,SVK,Slovakia,Slovak Republic
16407,KNA,Saint Kitts and Nevis,St. Kitts and Nevis
16408,LCA,Saint Lucia,St. Lucia
16409,MAF,Saint Martin (French Part),St. Martin (French part)
16410,VCT,Saint Vincent and the Grenadines,St. Vincent and the Grenadines
16417,TZA,United Republic of Tanzania,Tanzania
16424,TUR,Türkiye,Turkiye
16431,GBR,United Kingdom of Great Britain and Northern Ireland,United Kingdom
16432,USA,United States of America,United States
16436,VEN,Venezuela (Bolivarian Republic of),"Venezuela, RB"
16438,VIR,United States Virgin Islands,Virgin Islands (U.S.)
16439,PSE,State of Palestine,West Bank and Gaza
16440,YEM,Yemen,"Yemen, Rep."
16443,AFE,,Africa Eastern and Southern
16444,AFW,,Africa Western and Central
16445,ARB,,Arab World
16446,CSS,,Caribbean small states
16447,CEB,,Central Europe and the Baltics
16448,EAR,,Early-demographic dividend
16449,EAS,,East Asia & Pacific
16450,EAP,,East Asia & Pacific (excluding high income)
16451,TEA,,East Asia & Pacific (IDA & IBRD countries)
16452,EMU,,Euro area
16453,ECS,,Europe & Central Asia
16454,ECA,,Europe & Central Asia (excluding high income)
16455,TEC,,Europe & Central Asia (IDA & IBRD countries)
16456,EUU,,European Union
16457,FCS,,Fragile and conflict affected situations
16458,HPC,,Heavily indebted poor countries (HIPC)
16459,HIC,,High income
16460,IBD,,IBRD only
16461,IBT,,IDA & IBRD total
16462,IDB,,IDA blend
16463,IDX,,IDA only
16464,IDA,,IDA total
16465,LTE,,Late-demographic dividend
16466,LCN,,Latin America & Caribbean
16467,LAC,,Latin America & Caribbean (excluding high income)
16468,TLA,,Latin America & the Caribbean (IDA & IBRD countries)
16469,LDC,,Least developed countries: UN classification
16470,LMY,,Low & middle income
16471,LIC,,Low income
16472,LMC,,Lower middle income
16473,MEA,,Middle East & North Africa
16474,MNA,,Middle East & North Africa (excluding high income)
16475,TMN,,Middle East & North Africa (IDA & IBRD countries)
16476,MIC,,Middle income
16477,NAC,,North America
16478,INX,,Not classified
16479,OED,,OECD members
16480,OSS,,Other small states
16481,PSS,,Pacific island small states
16482,PST,,Post-demographic dividend
16483,PRE,,Pre-demographic dividend
16484,SST,,Small states
16485,SAS,,South Asia
16486,TSA,,South Asia (IDA & IBRD)
16487,SSF,,Sub-Saharan Africa
16488,SSA,,Sub-Saharan Africa (excluding high income)
16489,TSS,,Sub-Saharan Africa (IDA & IBRD countries)
16490,UMC,,Upper middle income
16491,WLD,,World
16505,BHS,Bahamas,"Bahamas, The"
16515,BOL,Bolivia (Plurinational State of),Bolivia
16531,CHI,,Channel Islands
16536,COD,Democratic Republic of the Congo,"Congo, Dem. Rep."
16537,COG,Congo,"Congo, Rep."
16539,CIV,Côte d’Ivoire,Cote d'Ivoire
16542,CUW,Curaçao,Curacao
16550,EGY,Egypt,"Egypt, Arab Rep."
16563,GMB,Gambia,"Gambia, The"
16578,HKG,"China, Hong Kong Special Administrative Region","Hong Kong SAR, China"
16583,IRN,Iran (Islamic Republic of),"Iran, Islamic Rep."
16595,PRK,Democratic People's Republic of Korea,"Korea, Dem. People's Rep."
16596,KOR,Republic of Korea,"Korea, Rep."
16597,XKX,,Kosovo
16599,KGZ,Kyrgyzstan,Kyrgyz Republic
16600,LAO,Lao People's Democratic Republic,Lao PDR
16609,MAC,"China, Macao Special Administrative Region","Macao SAR, China"
16620,FSM,Micronesia (Federated States of),"Micronesia, Fed. Sts."
16621,MDA,Republic of Moldova,Moldova
16631,NLD,Netherlands (Kingdom of the),Netherlands
16665,SVK,Slovakia,Slovak Republic
16673,KNA,Saint Kitts and Nevis,St. Kitts and Nevis
16674,LCA,Saint Lucia,St. Lucia
16675,MAF,Saint Martin (French Part),St. Martin (French part)
16676,VCT,Saint Vincent and the Grenadines,St. Vincent and the Grenadines
16683,TZA,United Republic of Tanzania,Tanzania
16690,TUR,Türkiye,Turkiye
16697,GBR,United Kingdom of Great Britain and Northern Ireland,United Kingdom
16698,USA,United States of America,United States
16702,VEN,Venezuela (Bolivarian Republic of),"Venezuela, RB"
16704,VIR,United States Virgin Islands,Virgin Islands (U.S.)
16705,PSE,State of Palestine,West Bank and Gaza
16706,YEM,Yemen,"Yemen, Rep."
16709,AFE,,Africa Eastern and Southern
16710,AFW,,Africa Western and Central
16711,ARB,,Arab World
16712,CSS,,Caribbean small states
16713,CEB,,Central Europe and the Baltics
16714,EAR,,Early-demographic dividend
16715,EAS,,East Asia & Pacific
16716,EAP,,East Asia & Pacific (excluding high income)
16717,TEA,,East Asia & Pacific (IDA & IBRD countries)
16718,EMU,,Euro area
16719,ECS,,Europe & Central Asia
16720,ECA,,Europe & Central Asia (excluding high income)
16721,TEC,,Europe & Central Asia (IDA & IBRD countries)
16722,EUU,,European Union
16723,FCS,,Fragile and conflict affected situations
16724,HPC,,Heavily indebted poor countries (HIPC)
16725,HIC,,High income
16726,IBD,,IBRD only
16727,IBT,,IDA & IBRD total
16728,IDB,,IDA blend
16729,IDX,,IDA only
16730,IDA,,IDA total
16731,LTE,,Late-demographic dividend
16732,LCN,,Latin America & Caribbean
16733,LAC,,Latin America & Caribbean (excluding high income)
16734,TLA,,Latin America & the Caribbean (IDA & IBRD countries)
16735,LDC,,Least developed countries: UN classification
16736,LMY,,Low & middle income
16737,LIC,,Low income
16738,LMC,,Lower middle income
16739,MEA,,Middle East & North Africa
16740,MNA,,Middle East & North Africa (excluding high income)
16741,TMN,,Middle East & North Africa (IDA & IBRD countries)
16742,MIC,,Middle income
16743,NAC,,North America
16744,INX,,Not classified
16745,OED,,OECD members
16746,OSS,,Other small states
16747,PSS,,Pacific island small states
16748,PST,,Post-demographic dividend
16749,PRE,,Pre-demographic dividend
16750,SST,,Small states
16751,SAS,,South Asia
16752,TSA,,South Asia (IDA & IBRD)
16753,SSF,,Sub-Saharan Africa
16754,SSA,,Sub-Saharan Africa (excluding high income)
16755,TSS,,Sub-Saharan Africa (IDA & IBRD countries)
16756,UMC,,Upper middle income
16757,WLD,,World
16771,BHS,Bahamas,"Bahamas, The"
16781,BOL,Bolivia (Plurinational State of),Bolivia
16797,CHI,,Channel Islands
16802,COD,Democratic Republic of the Congo,"Congo, Dem. Rep."
16803,COG,Congo,"Congo, Rep."
16805,CIV,Côte d’Ivoire,Cote d'Ivoire
16808,CUW,Curaçao,Curacao
16816,EGY,Egypt,"Egypt, Arab Rep."
16829,GMB,Gambia,"Gambia, The"
16844,HKG,"China, Hong Kong Special Administrative Region","Hong Kong SAR, China"
16849,IRN,Iran (Islamic Republic of),"Iran, Islamic Rep."
16861,PRK,Democratic People's Republic of Korea,"Korea, Dem. People's Rep."
16862,KOR,Republic of Korea,"Korea, Rep."
16863,XKX,,Kosovo
16865,KGZ,Kyrgyzstan,Kyrgyz Republic
16866,LAO,Lao People's Democratic Republic,Lao PDR
16875,MAC,"China, Macao Special Administrative Region","Macao SAR, China"
16886,FSM,Micronesia (Federated States of),"Micronesia, Fed. Sts."
16887,MDA,Republic of Moldova,Moldova
16897,NLD,Netherlands (Kingdom of the),Netherlands
16931,SVK,Slovakia,Slovak Republic
16939,KNA,Saint Kitts and Nevis,St. Kitts and Nevis
16940,LCA,Saint Lucia,St. Lucia
16941,MAF,Saint Martin (French Part),St. Martin (French part)
16942,VCT,Saint Vincent and the Grenadines,St. Vincent and the Grenadines
16949,TZA,United Republic of Tanzania,Tanzania
16956,TUR,Türkiye,Turkiye
16963,GBR,United Kingdom of Great Britain and Northern Ireland,United Kingdom
16964,USA,United States of America,United States
16968,VEN,Venezuela (Bolivarian Republic of),"Venezuela, RB"
16970,VIR,United States Virgin Islands,Virgin Islands (U.S.)
16971,PSE,State of Palestine,West Bank and Gaza
16972,YEM,Yemen,"Yemen, Rep."
16975,AFE,,Africa Eastern and Southern
16976,AFW,,Africa Western and Central
16977,ARB,,Arab World
16978,CSS,,Caribbean small states
16979,CEB,,Central Europe and the Baltics
16980,EAR,,Early-demographic dividend
16981,EAS,,East Asia & Pacific
16982,EAP,,East Asia & Pacific (excluding high income)
16983,TEA,,East Asia & Pacific (IDA & IBRD countries)
16984,EMU,,Euro area
16985,ECS,,Europe & Central Asia
16986,ECA,,Europe & Central Asia (excluding high income)
16987,TEC,,Europe & Central Asia (IDA & IBRD countries)
16988,EUU,,European Union
16989,FCS,,Fragile and conflict affected situations
16990,HPC,,Heavily indebted poor countries (HIPC)
16991,HIC,,High income
16992,IBD,,IBRD only
16993,IBT,,IDA & IBRD total
16994,IDB,,IDA blend
16995,IDX,,IDA only
16996,IDA,,IDA total
16997,LTE,,Late-demographic dividend
16998,LCN,,Latin America & Caribbean
16999,LAC,,Latin America & Caribbean (excluding high income)
17000,TLA,,Latin America & the Caribbean (IDA & IBRD countries)
17001,LDC,,Least developed countries: UN classification
17002,LMY,,Low & middle income
17003,LIC,,Low income
17004,LMC,,Lower middle income
17005,MEA,,Middle East & North Africa
17006,MNA,,Middle East & North Africa (excluding high income)
17007,TMN,,Middle East & North Africa (IDA & IBRD countries)
17008,MIC,,Middle income
17009,NAC,,North America
17010,INX,,Not classified
17011,OED,,OECD members
17012,OSS,,Other small states
17013,PSS,,Pacific island small states
17014,PST,,Post-demographic dividend
17015,PRE,,Pre-demographic dividend
17016,SST,,Small states
17017,SAS,,South Asia
17018,TSA,,South Asia (IDA & IBRD)
17019,SSF,,Sub-Saharan Africa
17020,SSA,,Sub-Saharan Africa (excluding high income)
17021,TSS,,Sub-Saharan Africa (IDA & IBRD countries)
17022,UMC,,Upper middle income
17023,WLD,,World
17037,BHS,Bahamas,"Bahamas, The"
17047,BOL,Bolivia (Plurinational State of),Bolivia
17063,CHI,,Channel Islands
17068,COD,Democratic Republic of the Congo,"Congo, Dem. Rep."
17069,COG,Congo,"Congo, Rep."
17071,CIV,Côte d’Ivoire,Cote d'Ivoire
17074,CUW,Curaçao,Curacao
17082,EGY,Egypt,"Egypt, Arab Rep."
17095,GMB,Gambia,"Gambia, The"
17110,HKG,"China, Hong Kong Special Administrative Region","Hong Kong SAR, China"
17115,IRN,Iran (Islamic Republic of),"Iran, Islamic Rep."
17127,PRK,Democratic People's Republic of Korea,"Korea, Dem. People's Rep."
17128,KOR,Republic of Korea,"Korea, Rep."
17129,XKX,,Kosovo
17131,KGZ,Kyrgyzstan,Kyrgyz Republic
17132,LAO,Lao People's Democratic Republic,Lao PDR
17141,MAC,"China, Macao Special Administrative Region","Macao SAR, China"
17152,FSM,Micronesia (Federated States of),"Micronesia, Fed. Sts."
17153,MDA,Republic of Moldova,Moldova
17163,NLD,Netherlands (Kingdom of the),Netherlands
17197,SVK,Slovakia,Slovak Republic
17205,KNA,Saint Kitts and Nevis,St. Kitts and Nevis
17206,LCA,Saint Lucia,St. Lucia
17207,MAF,Saint Martin (French Part),St. Martin (French part)
17208,VCT,Saint Vincent and the Grenadines,St. Vincent and the Grenadines
17215,TZA,United Republic of Tanzania,Tanzania
17222,TUR,Türkiye,Turkiye
17229,GBR,United Kingdom of Great Britain and Northern Ireland,United Kingdom
17230,USA,United States of America,United States
17234,VEN,Venezuela (Bolivarian Republic of),"Venezuela, RB"
17236,VIR,United States Virgin Islands,Virgin Islands (U.S.)
17237,PSE,State of Palestine,West Bank and Gaza
17238,YEM,Yemen,"Yemen, Rep."
17241,AFE,,Africa Eastern and Southern
17242,AFW,,Africa Western and Central
17243,ARB,,Arab World
17244,CSS,,Caribbean small states
17245,CEB,,Central Europe and the Baltics
17246,EAR,,Early-demographic dividend
17247,EAS,,East Asia & Pacific
17248,EAP,,East Asia & Pacific (excluding high income)
17249,TEA,,East Asia & Pacific (IDA & IBRD countries)
17250,EMU,,Euro area
17251,ECS,,Europe & Central Asia
17252,ECA,,Europe & Central Asia (excluding high income)
17253,TEC,,Europe & Central Asia (IDA & IBRD countries)
17254,EUU,,European Union
17255,FCS,,Fragile and conflict affected situations
17256,HPC,,Heavily indebted poor countries (HIPC)
17257,HIC,,High income
17258,IBD,,IBRD only
17259,IBT,,IDA & IBRD total
17260,IDB,,IDA blend
17261,IDX,,IDA only
17262,IDA,,IDA total
17263,LTE,,Late-demographic dividend
17264,LCN,,Latin America & Caribbean
17265,LAC,,Latin America & Caribbean (excluding high income)
17266,TLA,,Latin America & the Caribbean (IDA & IBRD countries)
17267,LDC,,Least developed countries: UN classification
17268,LMY,,Low & middle income
17269,LIC,,Low income
17270,LMC,,Lower middle income
17271,MEA,,Middle East & North Africa
17272,MNA,,Middle East & North Africa (excluding high income)
17273,TMN,,Middle East & North Africa (IDA & IBRD countries)
17274,MIC,,Middle income
17275,NAC,,North America
17276,INX,,Not classified
17277,OED,,OECD members
17278,OSS,,Other small states
17279,PSS,,Pacific island small states
17280,PST,,Post-demographic dividend
17281,PRE,,Pre-demographic dividend
17282,SST,,Small states
17283,SAS,,South Asia
17284,TSA,,South Asia (IDA & IBRD)
17285,SSF,,Sub-Saharan Africa
17286,SSA,,Sub-Saharan Africa (excluding high income)
17287,TSS,,Sub-Saharan Africa (IDA & IBRD countries)
17288,UMC,,Upper middle income
17289,WLD,,World
17303,BHS,Bahamas,"Bahamas, The"
17313,BOL,Bolivia (Plurinational State of),Bolivia
17329,CHI,,Channel Islands
17334,COD,Democratic Republic of the Congo,"Congo, Dem. Rep."
17335,COG,Congo,"Congo, Rep."
17337,CIV,Côte d’Ivoire,Cote d'Ivoire
17340,CUW,Curaçao,Curacao
17348,EGY,Egypt,"Egypt, Arab Rep."
17361,GMB,Gambia,"Gambia, The"
17376,HKG,"China, Hong Kong Special Administrative Region","Hong Kong SAR, China"
17381,IRN,Iran (Islamic Republic of),"Iran, Islamic Rep."
17393,PRK,Democratic People's Republic of Korea,"Korea, Dem. People's Rep."
17394,KOR,Republic of Korea,"Korea, Rep."
17395,XKX,,Kosovo
17397,KGZ,Kyrgyzstan,Kyrgyz Republic
17398,LAO,Lao People's Democratic Republic,Lao PDR
17407,MAC,"China, Macao Special Administrative Region","Macao SAR, China"
17418,FSM,Micronesia (Federated States of),"Micronesia, Fed. Sts."
17419,MDA,Republic of Moldova,Moldova
17429,NLD,Netherlands (Kingdom of the),Netherlands
17463,SVK,Slovakia,Slovak Republic
17471,KNA,Saint Kitts and Nevis,St. Kitts and Nevis
17472,LCA,Saint Lucia,St. Lucia
17473,MAF,Saint Martin (French Part),St. Martin (French part)
17474,VCT,Saint Vincent and the Grenadines,St. Vincent and the Grenadines
17481,TZA,United Republic of Tanzania,Tanzania
17488,TUR,Türkiye,Turkiye
17495,GBR,United Kingdom of Great Britain and Northern Ireland,United Kingdom
17496,USA,United States of America,United States
17500,VEN,Venezuela (Bolivarian Republic of),"Venezuela, RB"
17502,VIR,United States Virgin Islands,Virgin Islands (U.S.)
17503,PSE,State of Palestine,West Bank and Gaza
17504,YEM,Yemen,"Yemen, Rep."
17507,AFE,,Africa Eastern and Southern
17508,AFW,,Africa Western and Central
17509,ARB,,Arab World
17510,CSS,,Caribbean small states
17511,CEB,,Central Europe and the Baltics
17512,EAR,,Early-demographic dividend
17513,EAS,,East Asia & Pacific
17514,EAP,,East Asia & Pacific (excluding high income)
17515,TEA,,East Asia & Pacific (IDA & IBRD countries)
17516,EMU,,Euro area
17517,ECS,,Europe & Central Asia
17518,ECA,,Europe & Central Asia (excluding high income)
17519,TEC,,Europe & Central Asia (IDA & IBRD countries)
17520,EUU,,European Union
17521,FCS,,Fragile and conflict affected situations
17522,HPC,,Heavily indebted poor countries (HIPC)
17523,HIC,,High income
17524,IBD,,IBRD only
17525,IBT,,IDA & IBRD total
17526,IDB,,IDA blend
17527,IDX,,IDA only
17528,IDA,,IDA total
17529,LTE,,Late-demographic dividend
17530,LCN,,Latin America & Caribbean
17531,LAC,,Latin America & Caribbean (excluding high income)
17532,TLA,,Latin America & the Caribbean (IDA & IBRD countries)
17533,LDC,,Least developed countries: UN classification
17534,LMY,,Low & middle income
17535,LIC,,Low income
17536,LMC,,Lower middle income
17537,MEA,,Middle East & North Africa
17538,MNA,,Middle East & North Africa (excluding high income)
17539,TMN,,Middle East & North Africa (IDA & IBRD countries)
17540,MIC,,Middle income
17541,NAC,,North America
17542,INX,,Not classified
17543,OED,,OECD members
17544,OSS,,Other small states
17545,PSS,,Pacific island small states
17546,PST,,Post-demographic dividend
17547,PRE,,Pre-demographic dividend
17548,SST,,Small states
17549,SAS,,South Asia
17550,TSA,,South Asia (IDA & IBRD)
17551,SSF,,Sub-Saharan Africa
17552,SSA,,Sub-Saharan Africa (excluding high income)
17553,TSS,,Sub-Saharan Africa (IDA & IBRD countries)
17554,UMC,,Upper middle income
17555,WLD,,World
17569,BHS,Bahamas,"Bahamas, The"
17579,BOL,Bolivia (Plurinational State of),Bolivia
17595,CHI,,Channel Islands
17600,COD,Democratic Republic of the Congo,"Congo, Dem. Rep."
17601,COG,Congo,"Congo, Rep."
17603,CIV,Côte d’Ivoire,Cote d'Ivoire
17606,CUW,Curaçao,Curacao
17614,EGY,Egypt,"Egypt, Arab Rep."
17627,GMB,Gambia,"Gambia, The"
17642,HKG,"China, Hong Kong Special Administrative Region","Hong Kong SAR, China"
17647,IRN,Iran (Islamic Republic of),"Iran, Islamic Rep."
17659,PRK,Democratic People's Republic of Korea,"Korea, Dem. People's Rep."
17660,KOR,Republic of Korea,"Korea, Rep."
17661,XKX,,Kosovo
17663,KGZ,Kyrgyzstan,Kyrgyz Republic
17664,LAO,Lao People's Democratic Republic,Lao PDR
17673,MAC,"China, Macao Special Administrative Region","Macao SAR, China"
17684,FSM,Micronesia (Federated States of),"Micronesia, Fed. Sts."
17685,MDA,Republic of Moldova,Moldova
17695,NLD,Netherlands (Kingdom of the),Netherlands
17729,SVK,Slovakia,Slovak Republic
17737,KNA,Saint Kitts and Nevis,St. Kitts and Nevis
17738,LCA,Saint Lucia,St. Lucia
17739,MAF,Saint Martin (French Part),St. Martin (French part)
17740,VCT,Saint Vincent and the Grenadines,St. Vincent and the Grenadines
17747,TZA,United Republic of Tanzania,Tanzania
17754,TUR,Türkiye,Turkiye
17761,GBR,United Kingdom of Great Britain and Northern Ireland,United Kingdom
17762,USA,United States of America,United States
17766,VEN,Venezuela (Bolivarian Republic of),"Venezuela, RB"
17768,VIR,United States Virgin Islands,Virgin Islands (U.S.)
17769,PSE,State of Palestine,West Bank and Gaza
17770,YEM,Yemen,"Yemen, Rep."
17773,AFE,,Africa Eastern and Southern
17774,AFW,,Africa Western and Central
17775,ARB,,Arab World
17776,CSS,,Caribbean small states
17777,CEB,,Central Europe and the Baltics
17778,EAR,,Early-demographic dividend
17779,EAS,,East Asia & Pacific
17780,EAP,,East Asia & Pacific (excluding high income)
17781,TEA,,East Asia & Pacific (IDA & IBRD countries)
17782,EMU,,Euro area
17783,ECS,,Europe & Central Asia
17784,ECA,,Europe & Central Asia (excluding high income)
17785,TEC,,Europe & Central Asia (IDA & IBRD countries)
17786,EUU,,European Union
17787,FCS,,Fragile and conflict affected situations
17788,HPC,,Heavily indebted poor countries (HIPC)
17789,HIC,,High income
17790,IBD,,IBRD only
17791,IBT,,IDA & IBRD total
17792,IDB,,IDA blend
17793,IDX,,IDA only
17794,IDA,,IDA total
17795,LTE,,Late-demographic dividend
17796,LCN,,Latin America & Caribbean
17797,LAC,,Latin America & Caribbean (excluding high income)
17798,TLA,,Latin America & the Caribbean (IDA & IBRD countries)
17799,LDC,,Least developed countries: UN classification
17800,LMY,,Low & middle income
17801,LIC,,Low income
17802,LMC,,Lower middle income
17803,MEA,,Middle East & North Africa
17804,MNA,,Middle East & North Africa (excluding high income)
17805,TMN,,Middle East & North Africa (IDA & IBRD countries)
17806,MIC,,Middle income
17807,NAC,,North America
17808,INX,,Not classified
17809,OED,,OECD members
17810,OSS,,Other small states
17811,PSS,,Pacific island small states
17812,PST,,Post-demographic dividend
17813,PRE,,Pre-demographic dividend
17814,SST,,Small states
17815,SAS,,South Asia
17816,TSA,,South Asia (IDA & IBRD)
17817,SSF,,Sub-Saharan Africa
17818,SSA,,Sub-Saharan Africa (excluding high income)
17819,TSS,,Sub-Saharan Africa (IDA & IBRD countries)
17820,UMC,,Upper middle income
17821,WLD,,World
17835,BHS,Bahamas,"Bahamas, The"
17845,BOL,Bolivia (Plurinational State of),Bolivia
17861,CHI,,Channel Islands
17866,COD,Democratic Republic of the Congo,"Congo, Dem. Rep."
17867,COG,Congo,"Congo, Rep."
17869,CIV,Côte d’Ivoire,Cote d'Ivoire
17872,CUW,Curaçao,Curacao
17880,EGY,Egypt,"Egypt, Arab Rep."
17893,GMB,Gambia,"Gambia, The"
17908,HKG,"China, Hong Kong Special Administrative Region","Hong Kong SAR, China"
17913,IRN,Iran (Islamic Republic of),"Iran, Islamic Rep."
17925,PRK,Democratic People's Republic of Korea,"Korea, Dem. People's Rep."
17926,KOR,Republic of Korea,"Korea, Rep."
17927,XKX,,Kosovo
17929,KGZ,Kyrgyzstan,Kyrgyz Republic
17930,LAO,Lao People's Democratic Republic,Lao PDR
17939,MAC,"China, Macao Special Administrative Region","Macao SAR, China"
17950,FSM,Micronesia (Federated States of),"Micronesia, Fed. Sts."
17951,MDA,Republic of Moldova,Moldova
17961,NLD,Netherlands (Kingdom of the),Netherlands
17995,SVK,Slovakia,Slovak Republic
18003,KNA,Saint Kitts and Nevis,St. Kitts and Nevis
18004,LCA,Saint Lucia,St. Lucia
18005,MAF,Saint Martin (French Part),St. Martin (French part)
18006,VCT,Saint Vincent and the Grenadines,St. Vincent and the Grenadines
18013,TZA,United Republic of Tanzania,Tanzania
18020,TUR,Türkiye,Turkiye
18027,GBR,United Kingdom of Great Britain and Northern Ireland,United Kingdom
18028,USA,United States of America,United States
18032,VEN,Venezuela (Bolivarian Republic of),"Venezuela, RB"
18034,VIR,United States Virgin Islands,Virgin Islands (U.S.)
18035,PSE,State of Palestine,West Bank and Gaza
18036,YEM,Yemen,"Yemen, Rep."
18039,AFE,,Africa Eastern and Southern
18040,AFW,,Africa Western and Central
18041,ARB,,Arab World
18042,CSS,,Caribbean small states
18043,CEB,,Central Europe and the Baltics
18044,EAR,,Early-demographic dividend
18045,EAS,,East Asia & Pacific
18046,EAP,,East Asia & Pacific (excluding high income)
18047,TEA,,East Asia & Pacific (IDA & IBRD countries)
18048,EMU,,Euro area
18049,ECS,,Europe & Central Asia
18050,ECA,,Europe & Central Asia (excluding high income)
18051,TEC,,Europe & Central Asia (IDA & IBRD countries)
18052,EUU,,European Union
18053,FCS,,Fragile and conflict affected situations
18054,HPC,,Heavily indebted poor countries (HIPC)
18055,HIC,,High income
18056,IBD,,IBRD only
18057,IBT,,IDA & IBRD total
18058,IDB,,IDA blend
18059,IDX,,IDA only
18060,IDA,,IDA total
18061,LTE,,Late-demographic dividend
18062,LCN,,Latin America & Caribbean
18063,LAC,,Latin America & Caribbean (excluding high income)
18064,TLA,,Latin America & the Caribbean (IDA & IBRD countries)
18065,LDC,,Least developed countries: UN classification
18066,LMY,,Low & middle income
18067,LIC,,Low income
18068,LMC,,Lower middle income
18069,MEA,,Middle East & North Africa
18070,MNA,,Middle East & North Africa (excluding high income)
18071,TMN,,Middle East & North Africa (IDA & IBRD countries)
18072,MIC,,Middle income
18073,NAC,,North America
18074,INX,,Not classified
18075,OED,,OECD members
18076,OSS,,Other small states
18077,PSS,,Pacific island small states
18078,PST,,Post-demographic dividend
18079,PRE,,Pre-demographic dividend
18080,SST,,Small states
18081,SAS,,South Asia
18082,TSA,,South Asia (IDA & IBRD)
18083,SSF,,Sub-Saharan Africa
18084,SSA,,Sub-Saharan Africa (excluding high income)
18085,TSS,,Sub-Saharan Africa (IDA & IBRD countries)
18086,UMC,,Upper middle income
18087,WLD,,World
18101,BHS,Bahamas,"Bahamas, The"
18111,BOL,Bolivia (Plurinational State of),Bolivia
18127,CHI,,Channel Islands
18132,COD,Democratic Republic of the Congo,"Congo, Dem. Rep."
18133,COG,Congo,"Congo, Rep."
18135,CIV,Côte d’Ivoire,Cote d'Ivoire
18138,CUW,Curaçao,Curacao
18146,EGY,Egypt,"Egypt, Arab Rep."
18159,GMB,Gambia,"Gambia, The"
18174,HKG,"China, Hong Kong Special Administrative Region","Hong Kong SAR, China"
18179,IRN,Iran (Islamic Republic of),"Iran, Islamic Rep."
18191,PRK,Democratic People's Republic of Korea,"Korea, Dem. People's Rep."
18192,KOR,Republic of Korea,"Korea, Rep."
18193,XKX,,Kosovo
18195,KGZ,Kyrgyzstan,Kyrgyz Republic
18196,LAO,Lao People's Democratic Republic,Lao PDR
18205,MAC,"China, Macao Special Administrative Region","Macao SAR, China"
18216,FSM,Micronesia (Federated States of),"Micronesia, Fed. Sts."
18217,MDA,Republic of Moldova,Moldova
18227,NLD,Netherlands (Kingdom of the),Netherlands
18261,SVK,Slovakia,Slovak Republic
18269,KNA,Saint Kitts and Nevis,St. Kitts and Nevis
18270,LCA,Saint Lucia,St. Lucia
18271,MAF,Saint Martin (French Part),St. Martin (French part)
18272,VCT,Saint Vincent and the Grenadines,St. Vincent and the Grenadines
18279,TZA,United Republic of Tanzania,Tanzania
18286,TUR,Türkiye,Turkiye
18293,GBR,United Kingdom of Great Britain and Northern Ireland,United Kingdom
18294,USA,United States of America,United States
18298,VEN,Venezuela (Bolivarian Republic of),"Venezuela, RB"
18300,VIR,United States Virgin Islands,Virgin Islands (U.S.)
18301,PSE,State of Palestine,West Bank and Gaza
18302,YEM,Yemen,"Yemen, Rep."
18305,AFE,,Africa Eastern and Southern
18306,AFW,,Africa Western and Central
18307,ARB,,Arab World
18308,CSS,,Caribbean small states
18309,CEB,,Central Europe and the Baltics
18310,EAR,,Early-demographic dividend
18311,EAS,,East Asia & Pacific
18312,EAP,,East Asia & Pacific (excluding high income)
18313,TEA,,East Asia & Pacific (IDA & IBRD countries)
18314,EMU,,Euro area
18315,ECS,,Europe & Central Asia
18316,ECA,,Europe & Central Asia (excluding high income)
18317,TEC,,Europe & Central Asia (IDA & IBRD countries)
18318,EUU,,European Union
18319,FCS,,Fragile and conflict affected situations
18320,HPC,,Heavily indebted poor countries (HIPC)
18321,HIC,,High income
18322,IBD,,IBRD only
18323,IBT,,IDA & IBRD total
18324,IDB,,IDA blend
18325,IDX,,IDA only
18326,IDA,,IDA total
18327,LTE,,Late-demographic dividend
18328,LCN,,Latin America & Caribbean
18329,LAC,,Latin America & Caribbean (excluding high income)
18330,TLA,,Latin America & the Caribbean (IDA & IBRD countries)
18331,LDC,,Least developed countries: UN classification
18332,LMY,,Low & middle income
18333,LIC,,Low income
18334,LMC,,Lower middle income
18335,MEA,,Middle East & North Africa
18336,MNA,,Middle East & North Africa (excluding high income)
18337,TMN,,Middle East & North Africa (IDA & IBRD countries)
18338,MIC,,Middle income
18339,NAC,,North America
18340,INX,,Not classified
18341,OED,,OECD members
18342,OSS,,Other small states
18343,PSS,,Pacific island small states
18344,PST,,Post-demographic dividend
18345,PRE,,Pre-demographic dividend
18346,SST,,Small states
18347,SAS,,South Asia
18348,TSA,,South Asia (IDA & IBRD)
18349,SSF,,Sub-Saharan Africa
18350,SSA,,Sub-Saharan Africa (excluding high income)
18351,TSS,,Sub-Saharan Africa (IDA & IBRD countries)
18352,UMC,,Upper middle income
18353,WLD,,World
18367,BHS,Bahamas,"Bahamas, The"
18377,BOL,Bolivia (Plurinational State of),Bolivia
18393,CHI,,Channel Islands
18398,COD,Democratic Republic of the Congo,"Congo, Dem. Rep."
18399,COG,Congo,"Congo, Rep."
18401,CIV,Côte d’Ivoire,Cote d'Ivoire
18404,CUW,Curaçao,Curacao
18412,EGY,Egypt,"Egypt, Arab Rep."
18425,GMB,Gambia,"Gambia, The"
18440,HKG,"China, Hong Kong Special Administrative Region","Hong Kong SAR, China"
18445,IRN,Iran (Islamic Republic of),"Iran, Islamic Rep."
18457,PRK,Democratic People's Republic of Korea,"Korea, Dem. People's Rep."
18458,KOR,Republic of Korea,"Korea, Rep."
18459,XKX,,Kosovo
18461,KGZ,Kyrgyzstan,Kyrgyz Republic
18462,LAO,Lao People's Democratic Republic,Lao PDR
18471,MAC,"China, Macao Special Administrative Region","Macao SAR, China"
18482,FSM,Micronesia (Federated States of),"Micronesia, Fed. Sts."
18483,MDA,Republic of Moldova,Moldova
18493,NLD,Netherlands (Kingdom of the),Netherlands
18527,SVK,Slovakia,Slovak Republic
18535,KNA,Saint Kitts and Nevis,St. Kitts and Nevis
18536,LCA,Saint Lucia,St. Lucia
18537,MAF,Saint Martin (French Part),St. Martin (French part)
18538,VCT,Saint Vincent and the Grenadines,St. Vincent and the Grenadines
18545,TZA,United Republic of Tanzania,Tanzania
18552,TUR,Türkiye,Turkiye
18559,GBR,United Kingdom of Great Britain and Northern Ireland,United Kingdom
18560,USA,United States of America,United States
18564,VEN,Venezuela (Bolivarian Republic of),"Venezuela, RB"
18566,VIR,United States Virgin Islands,Virgin Islands (U.S.)
18567,PSE,State of Palestine,West Bank and Gaza
18568,YEM,Yemen,"Yemen, Rep."
18571,AFE,,Africa Eastern and Southern
18572,AFW,,Africa Western and Central
18573,ARB,,Arab World
18574,CSS,,Caribbean small states
18575,CEB,,Central Europe and the Baltics
18576,EAR,,Early-demographic dividend
18577,EAS,,East Asia & Pacific
18578,EAP,,East Asia & Pacific (excluding high income)
18579,TEA,,East Asia & Pacific (IDA & IBRD countries)
18580,EMU,,Euro area
18581,ECS,,Europe & Central Asia
18582,ECA,,Europe & Central Asia (excluding high income)
18583,TEC,,Europe & Central Asia (IDA & IBRD countries)
18584,EUU,,European Union
18585,FCS,,Fragile and conflict affected situations
18586,HPC,,Heavily indebted poor countries (HIPC)
18587,HIC,,High income
18588,IBD,,IBRD only
18589,IBT,,IDA & IBRD total
18590,IDB,,IDA blend
18591,IDX,,IDA only
18592,IDA,,IDA total
18593,LTE,,Late-demographic dividend
18594,LCN,,Latin America & Caribbean
18595,LAC,,Latin America & Caribbean (excluding high income)
18596,TLA,,Latin America & the Caribbean (IDA & IBRD countries)
18597,LDC,,Least developed countries: UN classification
18598,LMY,,Low & middle income
18599,LIC,,Low income
18600,LMC,,Lower middle income
18601,MEA,,Middle East & North Africa
18602,MNA,,Middle East & North Africa (excluding high income)
18603,TMN,,Middle East & North Africa (IDA & IBRD countries)
18604,MIC,,Middle income
18605,NAC,,North America
18606,INX,,Not classified
18607,OED,,OECD members
18608,OSS,,Other small states
18609,PSS,,Pacific island small states
18610,PST,,Post-demographic dividend
18611,PRE,,Pre-demographic dividend
18612,SST,,Small states
18613,SAS,,South Asia
18614,TSA,,South Asia (IDA & IBRD)
18615,SSF,,Sub-Saharan Africa
18616,SSA,,Sub-Saharan Africa (excluding high income)
18617,TSS,,Sub-Saharan Africa (IDA & IBRD countries)
18618,UMC,,Upper middle income
18619,WLD,,World
18633,BHS,Bahamas,"Bahamas, The"
18643,BOL,Bolivia (Plurinational State of),Bolivia
18659,CHI,,Channel Islands
18664,COD,Democratic Republic of the Congo,"Congo, Dem. Rep."
18665,COG,Congo,"Congo, Rep."
18667,CIV,Côte d’Ivoire,Cote d'Ivoire
18670,CUW,Curaçao,Curacao
18678,EGY,Egypt,"Egypt, Arab Rep."
18691,GMB,Gambia,"Gambia, The"
18706,HKG,"China, Hong Kong Special Administrative Region","Hong Kong SAR, China"
18711,IRN,Iran (Islamic Republic of),"Iran, Islamic Rep."
18723,PRK,Democratic People's Republic of Korea,"Korea, Dem. People's Rep."
18724,KOR,Republic of Korea,"Korea, Rep."
18725,XKX,,Kosovo
18727,KGZ,Kyrgyzstan,Kyrgyz Republic
18728,LAO,Lao People's Democratic Republic,Lao PDR
18737,MAC,"China, Macao Special Administrative Region","Macao SAR, China"
18748,FSM,Micronesia (Federated States of),"Micronesia, Fed. Sts."
18749,MDA,Republic of Moldova,Moldova
18759,NLD,Netherlands (Kingdom of the),Netherlands
18793,SVK,Slovakia,Slovak Republic
18801,KNA,Saint Kitts and Nevis,St. Kitts and Nevis
18802,LCA,Saint Lucia,St. Lucia
18803,MAF,Saint Martin (French Part),St. Martin (French part)
18804,VCT,Saint Vincent and the Grenadines,St. Vincent and the Grenadines
18811,TZA,United Republic of Tanzania,Tanzania
18818,TUR,Türkiye,Turkiye
18825,GBR,United Kingdom of Great Britain and Northern Ireland,United Kingdom
18826,USA,United States of America,United States
18830,VEN,Venezuela (Bolivarian Republic of),"Venezuela, RB"
18832,VIR,United States Virgin Islands,Virgin Islands (U.S.)
18833,PSE,State of Palestine,West Bank and Gaza
18834,YEM,Yemen,"Yemen, Rep."
18837,AFE,,Africa Eastern and Southern
18838,AFW,,Africa Western and Central
18839,ARB,,Arab World
18840,CSS,,Caribbean small states
18841,CEB,,Central Europe and the Baltics
18842,EAR,,Early-demographic dividend
18843,EAS,,East Asia & Pacific
18844,EAP,,East Asia & Pacific (excluding high income)
18845,TEA,,East Asia & Pacific (IDA & IBRD countries)
18846,EMU,,Euro area
18847,ECS,,Europe & Central Asia
18848,ECA,,Europe & Central Asia (excluding high income)
18849,TEC,,Europe & Central Asia (IDA & IBRD countries)
18850,EUU,,European Union
18851,FCS,,Fragile and conflict affected situations
18852,HPC,,Heavily indebted poor countries (HIPC)
18853,HIC,,High income
18854,IBD,,IBRD only
18855,IBT,,IDA & IBRD total
18856,IDB,,IDA blend
18857,IDX,,IDA only
18858,IDA,,IDA total
18859,LTE,,Late-demographic dividend
18860,LCN,,Latin America & Caribbean
18861,LAC,,Latin America & Caribbean (excluding high income)
18862,TLA,,Latin America & the Caribbean (IDA & IBRD countries)
18863,LDC,,Least developed countries: UN classification
18864,LMY,,Low & middle income
18865,LIC,,Low income
18866,LMC,,Lower middle income
18867,MEA,,Middle East & North Africa
18868,MNA,,Middle East & North Africa (excluding high income)
18869,TMN,,Middle East & North Africa (IDA & IBRD countries)
18870,MIC,,Middle income
18871,NAC,,North America
18872,INX,,Not classified
18873,OED,,OECD members
18874,OSS,,Other small states
18875,PSS,,Pacific island small states
18876,PST,,Post-demographic dividend
18877,PRE,,Pre-demographic dividend
18878,SST,,Small states
18879,SAS,,South Asia
18880,TSA,,South Asia (IDA & IBRD)
18881,SSF,,Sub-Saharan Africa
18882,SSA,,Sub-Saharan Africa (excluding high income)
18883,TSS,,Sub-Saharan Africa (IDA & IBRD countries)
18884,UMC,,Upper middle income
18885,WLD,,World
18899,BHS,Bahamas,"Bahamas, The"
18909,BOL,Bolivia (Plurinational State of),Bolivia
18925,CHI,,Channel Islands
18930,COD,Democratic Republic of the Congo,"Congo, Dem. Rep."
18931,COG,Congo,"Congo, Rep."
18933,CIV,Côte d’Ivoire,Cote d'Ivoire
18936,CUW,Curaçao,Curacao
18944,EGY,Egypt,"Egypt, Arab Rep."
18957,GMB,Gambia,"Gambia, The"
18972,HKG,"China, Hong Kong Special Administrative Region","Hong Kong SAR, China"
18977,IRN,Iran (Islamic Republic of),"Iran, Islamic Rep."
18989,PRK,Democratic People's Republic of Korea,"Korea, Dem. People's Rep."
18990,KOR,Republic of Korea,"Korea, Rep."
18991,XKX,,Kosovo
18993,KGZ,Kyrgyzstan,Kyrgyz Republic
18994,LAO,Lao People's Democratic Republic,Lao PDR
19003,MAC,"China, Macao Special Administrative Region","Macao SAR, China"
19014,FSM,Micronesia (Federated States of),"Micronesia, Fed. Sts."
19015,MDA,Republic of Moldova,Moldova
19025,NLD,Netherlands (Kingdom of the),Netherlands
19059,SVK,Slovakia,Slovak Republic
19067,KNA,Saint Kitts and Nevis,St. Kitts and Nevis
19068,LCA,Saint Lucia,St. Lucia
19069,MAF,Saint Martin (French Part),St. Martin (French part)
19070,VCT,Saint Vincent and the Grenadines,St. Vincent and the Grenadines
19077,TZA,United Republic of Tanzania,Tanzania
19084,TUR,Türkiye,Turkiye
19091,GBR,United Kingdom of Great Britain and Northern Ireland,United Kingdom
19092,USA,United States of America,United States
19096,VEN,Venezuela (Bolivarian Republic of),"Venezuela, RB"
19098,VIR,United States Virgin Islands,Virgin Islands (U.S.)
19099,PSE,State of Palestine,West Bank and Gaza
19100,YEM,Yemen,"Yemen, Rep."
19103,AFE,,Africa Eastern and Southern
19104,AFW,,Africa Western and Central
19105,ARB,,Arab World
19106,CSS,,Caribbean small states
19107,CEB,,Central Europe and the Baltics
19108,EAR,,Early-demographic dividend
19109,EAS,,East Asia & Pacific
19110,EAP,,East Asia & Pacific (excluding high income)
19111,TEA,,East Asia & Pacific (IDA & IBRD countries)
19112,EMU,,Euro area
19113,ECS,,Europe & Central Asia
19114,ECA,,Europe & Central Asia (excluding high income)
19115,TEC,,Europe & Central Asia (IDA & IBRD countries)
19116,EUU,,European Union
19117,FCS,,Fragile and conflict affected situations
19118,HPC,,Heavily indebted poor countries (HIPC)
19119,HIC,,High income
19120,IBD,,IBRD only
19121,IBT,,IDA & IBRD total
19122,IDB,,IDA blend
19123,IDX,,IDA only
19124,IDA,,IDA total
19125,LTE,,Late-demographic dividend
19126,LCN,,Latin America & Caribbean
19127,LAC,,Latin America & Caribbean (excluding high income)
19128,TLA,,Latin America & the Caribbean (IDA & IBRD countries)
19129,LDC,,Least developed countries: UN classification
19130,LMY,,Low & middle income
19131,LIC,,Low income
19132,LMC,,Lower middle income
19133,MEA,,Middle East & North Africa
19134,MNA,,Middle East & North Africa (excluding high income)
19135,TMN,,Middle East & North Africa (IDA & IBRD countries)
19136,MIC,,Middle income
19137,NAC,,North America
19138,INX,,Not classified
19139,OED,,OECD members
19140,OSS,,Other small states
19141,PSS,,Pacific island small states
19142,PST,,Post-demographic dividend
19143,PRE,,Pre-demographic dividend
19144,SST,,Small states
19145,SAS,,South Asia
19146,TSA,,South Asia (IDA & IBRD)
19147,SSF,,Sub-Saharan Africa
19148,SSA,,Sub-Saharan Africa (excluding high income)
19149,TSS,,Sub-Saharan Africa (IDA & IBRD countries)
19150,UMC,,Upper middle income
19151,WLD,,World
19165,BHS,Bahamas,"Bahamas, The"
19175,BOL,Bolivia (Plurinational State of),Bolivia
19191,CHI,,Channel Islands
19196,COD,Democratic Republic of the Congo,"Congo, Dem. Rep."
19197,COG,Congo,"Congo, Rep."
19199,CIV,Côte d’Ivoire,Cote d'Ivoire
19202,CUW,Curaçao,Curacao
19210,EGY,Egypt,"Egypt, Arab Rep."
19223,GMB,Gambia,"Gambia, The"
19238,HKG,"China, Hong Kong Special Administrative Region","Hong Kong SAR, China"
19243,IRN,Iran (Islamic Republic of),"Iran, Islamic Rep."
19255,PRK,Democratic People's Republic of Korea,"Korea, Dem. People's Rep."
19256,KOR,Republic of Korea,"Korea, Rep."
19257,XKX,,Kosovo
19259,KGZ,Kyrgyzstan,Kyrgyz Republic
19260,LAO,Lao People's Democratic Republic,Lao PDR
19269,MAC,"China, Macao Special Administrative Region","Macao SAR, China"
19280,FSM,Micronesia (Federated States of),"Micronesia, Fed. Sts."
19281,MDA,Republic of Moldova,Moldova
19291,NLD,Netherlands (Kingdom of the),Netherlands
19325,SVK,Slovakia,Slovak Republic
19333,KNA,Saint Kitts and Nevis,St. Kitts and Nevis
19334,LCA,Saint Lucia,St. Lucia
19335,MAF,Saint Martin (French Part),St. Martin (French part)
19336,VCT,Saint Vincent and the Grenadines,St. Vincent and the Grenadines
19343,TZA,United Republic of Tanzania,Tanzania
19350,TUR,Türkiye,Turkiye
19357,GBR,United Kingdom of Great Britain and Northern Ireland,United Kingdom
19358,USA,United States of America,United States
19362,VEN,Venezuela (Bolivarian Republic of),"Venezuela, RB"
19364,VIR,United States Virgin Islands,Virgin Islands (U.S.)
19365,PSE,State of Palestine,West Bank and Gaza
19366,YEM,Yemen,"Yemen, Rep."
19369,AFE,,Africa Eastern and Southern
19370,AFW,,Africa Western and Central
19371,ARB,,Arab World
19372,CSS,,Caribbean small states
19373,CEB,,Central Europe and the Baltics
19374,EAR,,Early-demographic dividend
19375,EAS,,East Asia & Pacific
19376,EAP,,East Asia & Pacific (excluding high income)
19377,TEA,,East Asia & Pacific (IDA & IBRD countries)
19378,EMU,,Euro area
19379,ECS,,Europe & Central Asia
19380,ECA,,Europe & Central Asia (excluding high income)
19381,TEC,,Europe & Central Asia (IDA & IBRD countries)
19382,EUU,,European Union
19383,FCS,,Fragile and conflict affected situations
19384,HPC,,Heavily indebted poor countries (HIPC)
19385,HIC,,High income
19386,IBD,,IBRD only
19387,IBT,,IDA & IBRD total
19388,IDB,,IDA blend
19389,IDX,,IDA only
19390,IDA,,IDA total
19391,LTE,,Late-demographic dividend
19392,LCN,,Latin America & Caribbean
19393,LAC,,Latin America & Caribbean (excluding high income)
19394,TLA,,Latin America & the Caribbean (IDA & IBRD countries)
19395,LDC,,Least developed countries: UN classification
19396,LMY,,Low & middle income
19397,LIC,,Low income
19398,LMC,,Lower middle income
19399,MEA,,Middle East & North Africa
19400,MNA,,Middle East & North Africa (excluding high income)
19401,TMN,,Middle East & North Africa (IDA & IBRD countries)
19402,MIC,,Middle income
19403,NAC,,North America
19404,INX,,Not classified
19405,OED,,OECD members
19406,OSS,,Other small states
19407,PSS,,Pacific island small states
19408,PST,,Post-demographic dividend
19409,PRE,,Pre-demographic dividend
19410,SST,,Small states
19411,SAS,,South Asia
19412,TSA,,South Asia (IDA & IBRD)
19413,SSF,,Sub-Saharan Africa
19414,SSA,,Sub-Saharan Africa (excluding high income)
19415,TSS,,Sub-Saharan Africa (IDA & IBRD countries)
19416,UMC,,Upper middle income
19417,WLD,,World
19431,BHS,Bahamas,"Bahamas, The"
19441,BOL,Bolivia (Plurinational State of),Bolivia
19457,CHI,,Channel Islands
19462,COD,Democratic Republic of the Congo,"Congo, Dem. Rep."
19463,COG,Congo,"Congo, Rep."
19465,CIV,Côte d’Ivoire,Cote d'Ivoire
19468,CUW,Curaçao,Curacao
19476,EGY,Egypt,"Egypt, Arab Rep."
19489,GMB,Gambia,"Gambia, The"
19504,HKG,"China, Hong Kong Special Administrative Region","Hong Kong SAR, China"
19509,IRN,Iran (Islamic Republic of),"Iran, Islamic Rep."
19521,PRK,Democratic People's Republic of Korea,"Korea, Dem. People's Rep."
19522,KOR,Republic of Korea,"Korea, Rep."
19523,XKX,,Kosovo
19525,KGZ,Kyrgyzstan,Kyrgyz Republic
19526,LAO,Lao People's Democratic Republic,Lao PDR
19535,MAC,"China, Macao Special Administrative Region","Macao SAR, China"
19546,FSM,Micronesia (Federated States of),"Micronesia, Fed. Sts."
19547,MDA,Republic of Moldova,Moldova
19557,NLD,Netherlands (Kingdom of the),Netherlands
19591,SVK,Slovakia,Slovak Republic
19599,KNA,Saint Kitts and Nevis,St. Kitts and Nevis
19600,LCA,Saint Lucia,St. Lucia
19601,MAF,Saint Martin (French Part),St. Martin (French part)
19602,VCT,Saint Vincent and the Grenadines,St. Vincent and the Grenadines
19609,TZA,United Republic of Tanzania,Tanzania
19616,TUR,Türkiye,Turkiye
19623,GBR,United Kingdom of Great Britain and Northern Ireland,United Kingdom
19624,USA,United States of America,United States
19628,VEN,Venezuela (Bolivarian Republic of),"Venezuela, RB"
19630,VIR,United States Virgin Islands,Virgin Islands (U.S.)
19631,PSE,State of Palestine,West Bank and Gaza
19632,YEM,Yemen,"Yemen, Rep."
19635,AFE,,Africa Eastern and Southern
19636,AFW,,Africa Western and Central
19637,ARB,,Arab World
19638,CSS,,Caribbean small states
19639,CEB,,Central Europe and the Baltics
19640,EAR,,Early-demographic dividend
19641,EAS,,East Asia & Pacific
19642,EAP,,East Asia & Pacific (excluding high income)
19643,TEA,,East Asia & Pacific (IDA & IBRD countries)
19644,EMU,,Euro area
19645,ECS,,Europe & Central Asia
19646,ECA,,Europe & Central Asia (excluding high income)
19647,TEC,,Europe & Central Asia (IDA & IBRD countries)
19648,EUU,,European Union
19649,FCS,,Fragile and conflict affected situations
19650,HPC,,Heavily indebted poor countries (HIPC)
19651,HIC,,High income
19652,IBD,,IBRD only
19653,IBT,,IDA & IBRD total
19654,IDB,,IDA blend
19655,IDX,,IDA only
19656,IDA,,IDA total
19657,LTE,,Late-demographic dividend
19658,LCN,,Latin America & Caribbean
19659,LAC,,Latin America & Caribbean (excluding high income)
19660,TLA,,Latin America & the Caribbean (IDA & IBRD countries)
19661,LDC,,Least developed countries: UN classification
19662,LMY,,Low & middle income
19663,LIC,,Low income
19664,LMC,,Lower middle income
19665,MEA,,Middle East & North Africa
19666,MNA,,Middle East & North Africa (excluding high income)
19667,TMN,,Middle East & North Africa (IDA & IBRD countries)
19668,MIC,,Middle income
19669,NAC,,North America
19670,INX,,Not classified
19671,OED,,OECD members
19672,OSS,,Other small states
19673,PSS,,Pacific island small states
19674,PST,,Post-demographic dividend
19675,PRE,,Pre-demographic dividend
19676,SST,,Small states
19677,SAS,,South Asia
19678,TSA,,South Asia (IDA & IBRD)
19679,SSF,,Sub-Saharan Africa
19680,SSA,,Sub-Saharan Africa (excluding high income)
19681,TSS,,Sub-Saharan Africa (IDA & IBRD countries)
19682,UMC,,Upper middle income
19683,WLD,,World
19697,BHS,Bahamas,"Bahamas, The"
19707,BOL,Bolivia (Plurinational State of),Bolivia
19723,CHI,,Channel Islands
19728,COD,Democratic Republic of the Congo,"Congo, Dem. Rep."
19729,COG,Congo,"Congo, Rep."
19731,CIV,Côte d’Ivoire,Cote d'Ivoire
19734,CUW,Curaçao,Curacao
19742,EGY,Egypt,"Egypt, Arab Rep."
19755,GMB,Gambia,"Gambia, The"
19770,HKG,"China, Hong Kong Special Administrative Region","Hong Kong SAR, China"
19775,IRN,Iran (Islamic Republic of),"Iran, Islamic Rep."
19787,PRK,Democratic People's Republic of Korea,"Korea, Dem. People's Rep."
19788,KOR,Republic of Korea,"Korea, Rep."
19789,XKX,,Kosovo
19791,KGZ,Kyrgyzstan,Kyrgyz Republic
19792,LAO,Lao People's Democratic Republic,Lao PDR
19801,MAC,"China, Macao Special Administrative Region","Macao SAR, China"
19812,FSM,Micronesia (Federated States of),"Micronesia, Fed. Sts."
19813,MDA,Republic of Moldova,Moldova
19823,NLD,Netherlands (Kingdom of the),Netherlands
19857,SVK,Slovakia,Slovak Republic
19865,KNA,Saint Kitts and Nevis,St. Kitts and Nevis
19866,LCA,Saint Lucia,St. Lucia
19867,MAF,Saint Martin (French Part),St. Martin (French part)
19868,VCT,Saint Vincent and the Grenadines,St. Vincent and the Grenadines
19875,TZA,United Republic of Tanzania,Tanzania
19882,TUR,Türkiye,Turkiye
19889,GBR,United Kingdom of Great Britain and Northern Ireland,United Kingdom
19890,USA,United States of America,United States
19894,VEN,Venezuela (Bolivarian Republic of),"Venezuela, RB"
19896,VIR,United States Virgin Islands,Virgin Islands (U.S.)
19897,PSE,State of Palestine,West Bank and Gaza
19898,YEM,Yemen,"Yemen, Rep."
19901,AFE,,Africa Eastern and Southern
19902,AFW,,Africa Western and Central
19903,ARB,,Arab World
19904,CSS,,Caribbean small states
19905,CEB,,Central Europe and the Baltics
19906,EAR,,Early-demographic dividend
19907,EAS,,East Asia & Pacific
19908,EAP,,East Asia & Pacific (excluding high income)
19909,TEA,,East Asia & Pacific (IDA & IBRD countries)
19910,EMU,,Euro area
19911,ECS,,Europe & Central Asia
19912,ECA,,Europe & Central Asia (excluding high income)
19913,TEC,,Europe & Central Asia (IDA & IBRD countries)
19914,EUU,,European Union
19915,FCS,,Fragile and conflict affected situations
19916,HPC,,Heavily indebted poor countries (HIPC)
19917,HIC,,High income
19918,IBD,,IBRD only
19919,IBT,,IDA & IBRD total
19920,IDB,,IDA blend
19921,IDX,,IDA only
19922,IDA,,IDA total
19923,LTE,,Late-demographic dividend
19924,LCN,,Latin America & Caribbean
19925,LAC,,Latin America & Caribbean (excluding high income)
19926,TLA,,Latin America & the Caribbean (IDA & IBRD countries)
19927,LDC,,Least developed countries: UN classification
19928,LMY,,Low & middle income
19929,LIC,,Low income
19930,LMC,,Lower middle income
19931,MEA,,Middle East & North Africa
19932,MNA,,Middle East & North Africa (excluding high income)
19933,TMN,,Middle East & North Africa (IDA & IBRD countries)
19934,MIC,,Middle income
19935,NAC,,North America
19936,INX,,Not classified
19937,OED,,OECD members
19938,OSS,,Other small states
19939,PSS,,Pacific island small states
19940,PST,,Post-demographic dividend
19941,PRE,,Pre-demographic dividend
19942,SST,,Small states
19943,SAS,,South Asia
19944,TSA,,South Asia (IDA & IBRD)
19945,SSF,,Sub-Saharan Africa
19946,SSA,,Sub-Saharan Africa (excluding high income)
19947,TSS,,Sub-Saharan Africa (IDA & IBRD countries)
19948,UMC,,Upper middle income
19949,WLD,,World
19963,BHS,Bahamas,"Bahamas, The"
19973,BOL,Bolivia (Plurinational State of),Bolivia
19989,CHI,,Channel Islands
19994,COD,Democratic Republic of the Congo,"Congo, Dem. Rep."
19995,COG,Congo,"Congo, Rep."
19997,CIV,Côte d’Ivoire,Cote d'Ivoire
20000,CUW,Curaçao,Curacao
20008,EGY,Egypt,"Egypt, Arab Rep."
20021,GMB,Gambia,"Gambia, The"
20036,HKG,"China, Hong Kong Special Administrative Region","Hong Kong SAR, China"
20041,IRN,Iran (Islamic Republic of),"Iran, Islamic Rep."
20053,PRK,Democratic People's Republic of Korea,"Korea, Dem. People's Rep."
20054,KOR,Republic of Korea,"Korea, Rep."
20055,XKX,,Kosovo
20057,KGZ,Kyrgyzstan,Kyrgyz Republic
20058,LAO,Lao People's Democratic Republic,Lao PDR
20067,MAC,"China, Macao Special Administrative Region","Macao SAR, China"
20078,FSM,Micronesia (Federated States of),"Micronesia, Fed. Sts."
20079,MDA,Republic of Moldova,Moldova
20089,NLD,Netherlands (Kingdom of the),Netherlands
20123,SVK,Slovakia,Slovak Republic
20131,KNA,Saint Kitts and Nevis,St. Kitts and Nevis
20132,LCA,Saint Lucia,St. Lucia
20133,MAF,Saint Martin (French Part),St. Martin (French part)
20134,VCT,Saint Vincent and the Grenadines,St. Vincent and the Grenadines
20141,TZA,United Republic of Tanzania,Tanzania
20148,TUR,Türkiye,Turkiye
20155,GBR,United Kingdom of Great Britain and Northern Ireland,United Kingdom
20156,USA,United States of America,United States
20160,VEN,Venezuela (Bolivarian Republic of),"Venezuela, RB"
20162,VIR,United States Virgin Islands,Virgin Islands (U.S.)
20163,PSE,State of Palestine,West Bank and Gaza
20164,YEM,Yemen,"Yemen, Rep."
20167,AFE,,Africa Eastern and Southern
20168,AFW,,Africa Western and Central
20169,ARB,,Arab World
20170,CSS,,Caribbean small states
20171,CEB,,Central Europe and the Baltics
20172,EAR,,Early-demographic dividend
20173,EAS,,East Asia & Pacific
20174,EAP,,East Asia & Pacific (excluding high income)
20175,TEA,,East Asia & Pacific (IDA & IBRD countries)
20176,EMU,,Euro area
20177,ECS,,Europe & Central Asia
20178,ECA,,Europe & Central Asia (excluding high income)
20179,TEC,,Europe & Central Asia (IDA & IBRD countries)
20180,EUU,,European Union
20181,FCS,,Fragile and conflict affected situations
20182,HPC,,Heavily indebted poor countries (HIPC)
20183,HIC,,High income
20184,IBD,,IBRD only
20185,IBT,,IDA & IBRD total
20186,IDB,,IDA blend
20187,IDX,,IDA only
20188,IDA,,IDA total
20189,LTE,,Late-demographic dividend
20190,LCN,,Latin America & Caribbean
20191,LAC,,Latin America & Caribbean (excluding high income)
20192,TLA,,Latin America & the Caribbean (IDA & IBRD countries)
20193,LDC,,Least developed countries: UN classification
20194,LMY,,Low & middle income
20195,LIC,,Low income
20196,LMC,,Lower middle income
20197,MEA,,Middle East & North Africa
20198,MNA,,Middle East & North Africa (excluding high income)
20199,TMN,,Middle East & North Africa (IDA & IBRD countries)
20200,MIC,,Middle income
20201,NAC,,North America
20202,INX,,Not classified
20203,OED,,OECD members
20204,OSS,,Other small states
20205,PSS,,Pacific island small states
20206,PST,,Post-demographic dividend
20207,PRE,,Pre-demographic dividend
20208,SST,,Small states
20209,SAS,,South Asia
20210,TSA,,South Asia (IDA & IBRD)
20211,SSF,,Sub-Saharan Africa
20212,SSA,,Sub-Saharan Africa (excluding high income)
20213,TSS,,Sub-Saharan Africa (IDA & IBRD countries)
20214,UMC,,Upper middle income
20215,WLD,,World
20229,BHS,Bahamas,"Bahamas, The"
20239,BOL,Bolivia (Plurinational State of),Bolivia
20255,CHI,,Channel Islands
20260,COD,Democratic Republic of the Congo,"Congo, Dem. Rep."
20261,COG,Congo,"Congo, Rep."
20263,CIV,Côte d’Ivoire,Cote d'Ivoire
20266,CUW,Curaçao,Curacao
20274,EGY,Egypt,"Egypt, Arab Rep."
20287,GMB,Gambia,"Gambia, The"
20302,HKG,"China, Hong Kong Special Administrative Region","Hong Kong SAR, China"
20307,IRN,Iran (Islamic Republic of),"Iran, Islamic Rep."
20319,PRK,Democratic People's Republic of Korea,"Korea, Dem. People's Rep."
20320,KOR,Republic of Korea,"Korea, Rep."
20321,XKX,,Kosovo
20323,KGZ,Kyrgyzstan,Kyrgyz Republic
20324,LAO,Lao People's Democratic Republic,Lao PDR
20333,MAC,"China, Macao Special Administrative Region","Macao SAR, China"
20344,FSM,Micronesia (Federated States of),"Micronesia, Fed. Sts."
20345,MDA,Republic of Moldova,Moldova
20355,NLD,Netherlands (Kingdom of the),Netherlands
20389,SVK,Slovakia,Slovak Republic
20397,KNA,Saint Kitts and Nevis,St. Kitts and Nevis
20398,LCA,Saint Lucia,St. Lucia
20399,MAF,Saint Martin (French Part),St. Martin (French part)
20400,VCT,Saint Vincent and the Grenadines,St. Vincent and the Grenadines
20407,TZA,United Republic of Tanzania,Tanzania
20414,TUR,Türkiye,Turkiye
20421,GBR,United Kingdom of Great Britain and Northern Ireland,United Kingdom
20422,USA,United States of America,United States
20426,VEN,Venezuela (Bolivarian Republic of),"Venezuela, RB"
20428,VIR,United States Virgin Islands,Virgin Islands (U.S.)
20429,PSE,State of Palestine,West Bank and Gaza
20430,YEM,Yemen,"Yemen, Rep."
20433,AFE,,Africa Eastern and Southern
20434,AFW,,Africa Western and Central
20435,ARB,,Arab World
20436,CSS,,Caribbean small states
20437,CEB,,Central Europe and the Baltics
20438,EAR,,Early-demographic dividend
20439,EAS,,East Asia & Pacific
20440,EAP,,East Asia & Pacific (excluding high income)
20441,TEA,,East Asia & Pacific (IDA & IBRD countries)
20442,EMU,,Euro area
20443,ECS,,Europe & Central Asia
20444,ECA,,Europe & Central Asia (excluding high income)
20445,TEC,,Europe & Central Asia (IDA & IBRD countries)
20446,EUU,,European Union
20447,FCS,,Fragile and conflict affected situations
20448,HPC,,Heavily indebted poor countries (HIPC)
20449,HIC,,High income
20450,IBD,,IBRD only
20451,IBT,,IDA & IBRD total
20452,IDB,,IDA blend
20453,IDX,,IDA only
20454,IDA,,IDA total
20455,LTE,,Late-demographic dividend
20456,LCN,,Latin America & Caribbean
20457,LAC,,Latin America & Caribbean (excluding high income)
20458,TLA,,Latin America & the Caribbean (IDA & IBRD countries)
20459,LDC,,Least developed countries: UN classification
20460,LMY,,Low & middle income
20461,LIC,,Low income
20462,LMC,,Lower middle income
20463,MEA,,Middle East & North Africa
20464,MNA,,Middle East & North Africa (excluding high income)
20465,TMN,,Middle East & North Africa (IDA & IBRD countries)
20466,MIC,,Middle income
20467,NAC,,North America
20468,INX,,Not classified
20469,OED,,OECD members
20470,OSS,,Other small states
20471,PSS,,Pacific island small states
20472,PST,,Post-demographic dividend
20473,PRE,,Pre-demographic dividend
20474,SST,,Small states
20475,SAS,,South Asia
20476,TSA,,South Asia (IDA & IBRD)
20477,SSF,,Sub-Saharan Africa
20478,SSA,,Sub-Saharan Africa (excluding high income)
20479,TSS,,Sub-Saharan Africa (IDA & IBRD countries)
20480,UMC,,Upper middle income
20481,WLD,,World
20495,BHS,Bahamas,"Bahamas, The"
20505,BOL,Bolivia (Plurinational State of),Bolivia
20521,CHI,,Channel Islands
20526,COD,Democratic Republic of the Congo,"Congo, Dem. Rep."
20527,COG,Congo,"Congo, Rep."
20529,CIV,Côte d’Ivoire,Cote d'Ivoire
20532,CUW,Curaçao,Curacao
20540,EGY,Egypt,"Egypt, Arab Rep."
20553,GMB,Gambia,"Gambia, The"
20568,HKG,"China, Hong Kong Special Administrative Region","Hong Kong SAR, China"
20573,IRN,Iran (Islamic Republic of),"Iran, Islamic Rep."
20585,PRK,Democratic People's Republic of Korea,"Korea, Dem. People's Rep."
20586,KOR,Republic of Korea,"Korea, Rep."
20587,XKX,,Kosovo
20589,KGZ,Kyrgyzstan,Kyrgyz Republic
20590,LAO,Lao People's Democratic Republic,Lao PDR
20599,MAC,"China, Macao Special Administrative Region","Macao SAR, China"
20610,FSM,Micronesia (Federated States of),"Micronesia, Fed. Sts."
20611,MDA,Republic of Moldova,Moldova
20621,NLD,Netherlands (Kingdom of the),Netherlands
20655,SVK,Slovakia,Slovak Republic
20663,KNA,Saint Kitts and Nevis,St. Kitts and Nevis
20664,LCA,Saint Lucia,St. Lucia
20665,MAF,Saint Martin (French Part),St. Martin (French part)
20666,VCT,Saint Vincent and the Grenadines,St. Vincent and the Grenadines
20673,TZA,United Republic of Tanzania,Tanzania
20680,TUR,Türkiye,Turkiye
20687,GBR,United Kingdom of Great Britain and Northern Ireland,United Kingdom
20688,USA,United States of America,United States
20692,VEN,Venezuela (Bolivarian Republic of),"Venezuela, RB"
20694,VIR,United States Virgin Islands,Virgin Islands (U.S.)
20695,PSE,State of Palestine,West Bank and Gaza
20696,YEM,Yemen,"Yemen, Rep."
20699,AFE,,Africa Eastern and Southern
20700,AFW,,Africa Western and Central
20701,ARB,,Arab World
20702,CSS,,Caribbean small states
20703,CEB,,Central Europe and the Baltics
20704,EAR,,Early-demographic dividend
20705,EAS,,East Asia & Pacific
20706,EAP,,East Asia & Pacific (excluding high income)
20707,TEA,,East Asia & Pacific (IDA & IBRD countries)
20708,EMU,,Euro area
20709,ECS,,Europe & Central Asia
20710,ECA,,Europe & Central Asia (excluding high income)
20711,TEC,,Europe & Central Asia (IDA & IBRD countries)
20712,EUU,,European Union
20713,FCS,,Fragile and conflict affected situations
20714,HPC,,Heavily indebted poor countries (HIPC)
20715,HIC,,High income
20716,IBD,,IBRD only
20717,IBT,,IDA & IBRD total
20718,IDB,,IDA blend
20719,IDX,,IDA only
20720,IDA,,IDA total
20721,LTE,,Late-demographic dividend
20722,LCN,,Latin America & Caribbean
20723,LAC,,Latin America & Caribbean (excluding high income)
20724,TLA,,Latin America & the Caribbean (IDA & IBRD countries)
20725,LDC,,Least developed countries: UN classification
20726,LMY,,Low & middle income
20727,LIC,,Low income
20728,LMC,,Lower middle income
20729,MEA,,Middle East & North Africa
20730,MNA,,Middle East & North Africa (excluding high income)
20731,TMN,,Middle East & North Africa (IDA & IBRD countries)
20732,MIC,,Middle income
20733,NAC,,North America
20734,INX,,Not classified
20735,OED,,OECD members
20736,OSS,,Other small states
20737,PSS,,Pacific island small states
20738,PST,,Post-demographic dividend
20739,PRE,,Pre-demographic dividend
20740,SST,,Small states
20741,SAS,,South Asia
20742,TSA,,South Asia (IDA & IBRD)
20743,SSF,,Sub-Saharan Africa
20744,SSA,,Sub-Saharan Africa (excluding high income)
20745,TSS,,Sub-Saharan Africa (IDA & IBRD countries)
20746,UMC,,Upper middle income
20747,WLD,,World
20761,BHS,Bahamas,"Bahamas, The"
20771,BOL,Bolivia (Plurinational State of),Bolivia
20787,CHI,,Channel Islands
20792,COD,Democratic Republic of the Congo,"Congo, Dem. Rep."
20793,COG,Congo,"Congo, Rep."
20795,CIV,Côte d’Ivoire,Cote d'Ivoire
20798,CUW,Curaçao,Curacao
20806,EGY,Egypt,"Egypt, Arab Rep."
20819,GMB,Gambia,"Gambia, The"
20834,HKG,"China, Hong Kong Special Administrative Region","Hong Kong SAR, China"
20839,IRN,Iran (Islamic Republic of),"Iran, Islamic Rep."
20851,PRK,Democratic People's Republic of Korea,"Korea, Dem. People's Rep."
20852,KOR,Republic of Korea,"Korea, Rep."
20853,XKX,,Kosovo
20855,KGZ,Kyrgyzstan,Kyrgyz Republic
20856,LAO,Lao People's Democratic Republic,Lao PDR
20865,MAC,"China, Macao Special Administrative Region","Macao SAR, China"
20876,FSM,Micronesia (Federated States of),"Micronesia, Fed. Sts."
20877,MDA,Republic of Moldova,Moldova
20887,NLD,Netherlands (Kingdom of the),Netherlands
20921,SVK,Slovakia,Slovak Republic
20929,KNA,Saint Kitts and Nevis,St. Kitts and Nevis
20930,LCA,Saint Lucia,St. Lucia
20931,MAF,Saint Martin (French Part),St. Martin (French part)
20932,VCT,Saint Vincent and the Grenadines,St. Vincent and the Grenadines
20939,TZA,United Republic of Tanzania,Tanzania
20946,TUR,Türkiye,Turkiye
20953,GBR,United Kingdom of Great Britain and Northern Ireland,United Kingdom
20954,USA,United States of America,United States
20958,VEN,Venezuela (Bolivarian Republic of),"Venezuela, RB"
20960,VIR,United States Virgin Islands,Virgin Islands (U.S.)
20961,PSE,State of Palestine,West Bank and Gaza
20962,YEM,Yemen,"Yemen, Rep."
20965,AFE,,Africa Eastern and Southern
20966,AFW,,Africa Western and Central
20967,ARB,,Arab World
20968,CSS,,Caribbean small states
20969,CEB,,Central Europe and the Baltics
20970,EAR,,Early-demographic dividend
20971,EAS,,East Asia & Pacific
20972,EAP,,East Asia & Pacific (excluding high income)
20973,TEA,,East Asia & Pacific (IDA & IBRD countries)
20974,EMU,,Euro area
20975,ECS,,Europe & Central Asia
20976,ECA,,Europe & Central Asia (excluding high income)
20977,TEC,,Europe & Central Asia (IDA & IBRD countries)
20978,EUU,,European Union
20979,FCS,,Fragile and conflict affected situations
20980,HPC,,Heavily indebted poor countries (HIPC)
20981,HIC,,High income
20982,IBD,,IBRD only
20983,IBT,,IDA & IBRD total
20984,IDB,,IDA blend
20985,IDX,,IDA only
20986,IDA,,IDA total
20987,LTE,,Late-demographic dividend
20988,LCN,,Latin America & Caribbean
20989,LAC,,Latin America & Caribbean (excluding high income)
20990,TLA,,Latin America & the Caribbean (IDA & IBRD countries)
20991,LDC,,Least developed countries: UN classification
20992,LMY,,Low & middle income
20993,LIC,,Low income
20994,LMC,,Lower middle income
20995,MEA,,Middle East & North Africa
20996,MNA,,Middle East & North Africa (excluding high income)
20997,TMN,,Middle East & North Africa (IDA & IBRD countries)
20998,MIC,,Middle income
20999,NAC,,North America
21000,INX,,Not classified
21001,OED,,OECD members
21002,OSS,,Other small states
21003,PSS,,Pacific island small states
21004,PST,,Post-demographic dividend
21005,PRE,,Pre-demographic dividend
21006,SST,,Small states
21007,SAS,,South Asia
21008,TSA,,South Asia (IDA & IBRD)
21009,SSF,,Sub-Saharan Africa
21010,SSA,,Sub-Saharan Africa (excluding high income)
21011,TSS,,Sub-Saharan Africa (IDA & IBRD countries)
21012,UMC,,Upper middle income
21013,WLD,,World
21027,BHS,Bahamas,"Bahamas, The"
21037,BOL,Bolivia (Plurinational State of),Bolivia
21053,CHI,,Channel Islands
21058,COD,Democratic Republic of the Congo,"Congo, Dem. Rep."
21059,COG,Congo,"Congo, Rep."
21061,CIV,Côte d’Ivoire,Cote d'Ivoire
21064,CUW,Curaçao,Curacao
21072,EGY,Egypt,"Egypt, Arab Rep."
21085,GMB,Gambia,"Gambia, The"
21100,HKG,"China, Hong Kong Special Administrative Region","Hong Kong SAR, China"
21105,IRN,Iran (Islamic Republic of),"Iran, Islamic Rep."
21117,PRK,Democratic People's Republic of Korea,"Korea, Dem. People's Rep."
21118,KOR,Republic of Korea,"Korea, Rep."
21119,XKX,,Kosovo
21121,KGZ,Kyrgyzstan,Kyrgyz Republic
21122,LAO,Lao People's Democratic Republic,Lao PDR
21131,MAC,"China, Macao Special Administrative Region","Macao SAR, China"
21142,FSM,Micronesia (Federated States of),"Micronesia, Fed. Sts."
21143,MDA,Republic of Moldova,Moldova
21153,NLD,Netherlands (Kingdom of the),Netherlands
21187,SVK,Slovakia,Slovak Republic
21195,KNA,Saint Kitts and Nevis,St. Kitts and Nevis
21196,LCA,Saint Lucia,St. Lucia
21197,MAF,Saint Martin (French Part),St. Martin (French part)
21198,VCT,Saint Vincent and the Grenadines,St. Vincent and the Grenadines
21205,TZA,United Republic of Tanzania,Tanzania
21212,TUR,Türkiye,Turkiye
21219,GBR,United Kingdom of Great Britain and Northern Ireland,United Kingdom
21220,USA,United States of America,United States
21224,VEN,Venezuela (Bolivarian Republic of),"Venezuela, RB"
21226,VIR,United States Virgin Islands,Virgin Islands (U.S.)
21227,PSE,State of Palestine,West Bank and Gaza
21228,YEM,Yemen,"Yemen, Rep."
21231,AFE,,Africa Eastern and Southern
21232,AFW,,Africa Western and Central
21233,ARB,,Arab World
21234,CSS,,Caribbean small states
21235,CEB,,Central Europe and the Baltics
21236,EAR,,Early-demographic dividend
21237,EAS,,East Asia & Pacific
21238,EAP,,East Asia & Pacific (excluding high income)
21239,TEA,,East Asia & Pacific (IDA & IBRD countries)
21240,EMU,,Euro area
21241,ECS,,Europe & Central Asia
21242,ECA,,Europe & Central Asia (excluding high income)
21243,TEC,,Europe & Central Asia (IDA & IBRD countries)
21244,EUU,,European Union
21245,FCS,,Fragile and conflict affected situations
21246,HPC,,Heavily indebted poor countries (HIPC)
21247,HIC,,High income
21248,IBD,,IBRD only
21249,IBT,,IDA & IBRD total
21250,IDB,,IDA blend
21251,IDX,,IDA only
21252,IDA,,IDA total
21253,LTE,,Late-demographic dividend
21254,LCN,,Latin America & Caribbean
21255,LAC,,Latin America & Caribbean (excluding high income)
21256,TLA,,Latin America & the Caribbean (IDA & IBRD countries)
21257,LDC,,Least developed countries: UN classification
21258,LMY,,Low & middle income
21259,LIC,,Low income
21260,LMC,,Lower middle income
21261,MEA,,Middle East & North Africa
21262,MNA,,Middle East & North Africa (excluding high income)
21263,TMN,,Middle East & North Africa (IDA & IBRD countries)
21264,MIC,,Middle income
21265,NAC,,North America
21266,INX,,Not classified
21267,OED,,OECD members
21268,OSS,,Other small states
21269,PSS,,Pacific island small states
21270,PST,,Post-demographic dividend
21271,PRE,,Pre-demographic dividend
21272,SST,,Small states
21273,SAS,,South Asia
21274,TSA,,South Asia (IDA & IBRD)
21275,SSF,,Sub-Saharan Africa
21276,SSA,,Sub-Saharan Africa (excluding high income)
21277,TSS,,Sub-Saharan Africa (IDA & IBRD countries)
21278,UMC,,Upper middle income
21279,WLD,,World
21293,BHS,Bahamas,"Bahamas, The"
21303,BOL,Bolivia (Plurinational State of),Bolivia
21319,CHI,,Channel Islands
21324,COD,Democratic Republic of the Congo,"Congo, Dem. Rep."
21325,COG,Congo,"Congo, Rep."
21327,CIV,Côte d’Ivoire,Cote d'Ivoire
21330,CUW,Curaçao,Curacao
21338,EGY,Egypt,"Egypt, Arab Rep."
21351,GMB,Gambia,"Gambia, The"
21366,HKG,"China, Hong Kong Special Administrative Region","Hong Kong SAR, China"
21371,IRN,Iran (Islamic Republic of),"Iran, Islamic Rep."
21383,PRK,Democratic People's Republic of Korea,"Korea, Dem. People's Rep."
21384,KOR,Republic of Korea,"Korea, Rep."
21385,XKX,,Kosovo
21387,KGZ,Kyrgyzstan,Kyrgyz Republic
21388,LAO,Lao People's Democratic Republic,Lao PDR
21397,MAC,"China, Macao Special Administrative Region","Macao SAR, China"
21408,FSM,Micronesia (Federated States of),"Micronesia, Fed. Sts."
21409,MDA,Republic of Moldova,Moldova
21419,NLD,Netherlands (Kingdom of the),Netherlands
21453,SVK,Slovakia,Slovak Republic
21461,KNA,Saint Kitts and Nevis,St. Kitts and Nevis
21462,LCA,Saint Lucia,St. Lucia
21463,MAF,Saint Martin (French Part),St. Martin (French part)
21464,VCT,Saint Vincent and the Grenadines,St. Vincent and the Grenadines
21471,TZA,United Republic of Tanzania,Tanzania
21478,TUR,Türkiye,Turkiye
21485,GBR,United Kingdom of Great Britain and Northern Ireland,United Kingdom
21486,USA,United States of America,United States
21490,VEN,Venezuela (Bolivarian Republic of),"Venezuela, RB"
21492,VIR,United States Virgin Islands,Virgin Islands (U.S.)
21493,PSE,State of Palestine,West Bank and Gaza
21494,YEM,Yemen,"Yemen, Rep."
21497,AFE,,Africa Eastern and Southern
21498,AFW,,Africa Western and Central
21499,ARB,,Arab World
21500,CSS,,Caribbean small states
21501,CEB,,Central Europe and the Baltics
21502,EAR,,Early-demographic dividend
21503,EAS,,East Asia & Pacific
21504,EAP,,East Asia & Pacific (excluding high income)
21505,TEA,,East Asia & Pacific (IDA & IBRD countries)
21506,EMU,,Euro area
21507,ECS,,Europe & Central Asia
21508,ECA,,Europe & Central Asia (excluding high income)
21509,TEC,,Europe & Central Asia (IDA & IBRD countries)
21510,EUU,,European Union
21511,FCS,,Fragile and conflict affected situations
21512,HPC,,Heavily indebted poor countries (HIPC)
21513,HIC,,High income
21514,IBD,,IBRD only
21515,IBT,,IDA & IBRD total
21516,IDB,,IDA blend
21517,IDX,,IDA only
21518,IDA,,IDA total
21519,LTE,,Late-demographic dividend
21520,LCN,,Latin America & Caribbean
21521,LAC,,Latin America & Caribbean (excluding high income)
21522,TLA,,Latin America & the Caribbean (IDA & IBRD countries)
21523,LDC,,Least developed countries: UN classification
21524,LMY,,Low & middle income
21525,LIC,,Low income
21526,LMC,,Lower middle income
21527,MEA,,Middle East & North Africa
21528,MNA,,Middle East & North Africa (excluding high income)
21529,TMN,,Middle East & North Africa (IDA & IBRD countries)
21530,MIC,,Middle income
21531,NAC,,North America
21532,INX,,Not classified
21533,OED,,OECD members
21534,OSS,,Other small states
21535,PSS,,Pacific island small states
21536,PST,,Post-demographic dividend
21537,PRE,,Pre-demographic dividend
21538,SST,,Small states
21539,SAS,,South Asia
21540,TSA,,South Asia (IDA & IBRD)
21541,SSF,,Sub-Saharan Africa
21542,SSA,,Sub-Saharan Africa (excluding high income)
21543,TSS,,Sub-Saharan Africa (IDA & IBRD countries)
21544,UMC,,Upper middle income
21545,WLD,,World
21559,BHS,Bahamas,"Bahamas, The"
21569,BOL,Bolivia (Plurinational State of),Bolivia
21585,CHI,,Channel Islands
21590,COD,Democratic Republic of the Congo,"Congo, Dem. Rep."
21591,COG,Congo,"Congo, Rep."
21593,CIV,Côte d’Ivoire,Cote d'Ivoire
21596,CUW,Curaçao,Curacao
21604,EGY,Egypt,"Egypt, Arab Rep."
21617,GMB,Gambia,"Gambia, The"
21632,HKG,"China, Hong Kong Special Administrative Region","Hong Kong SAR, China"
21637,IRN,Iran (Islamic Republic of),"Iran, Islamic Rep."
21649,PRK,Democratic People's Republic of Korea,"Korea, Dem. People's Rep."
21650,KOR,Republic of Korea,"Korea, Rep."
21651,XKX,,Kosovo
21653,KGZ,Kyrgyzstan,Kyrgyz Republic
21654,LAO,Lao People's Democratic Republic,Lao PDR
21663,MAC,"China, Macao Special Administrative Region","Macao SAR, China"
21674,FSM,Micronesia (Federated States of),"Micronesia, Fed. Sts."
21675,MDA,Republic of Moldova,Moldova
21685,NLD,Netherlands (Kingdom of the),Netherlands
21719,SVK,Slovakia,Slovak Republic
21727,KNA,Saint Kitts and Nevis,St. Kitts and Nevis
21728,LCA,Saint Lucia,St. Lucia
21729,MAF,Saint Martin (French Part),St. Martin (French part)
21730,VCT,Saint Vincent and the Grenadines,St. Vincent and the Grenadines
21737,TZA,United Republic of Tanzania,Tanzania
21744,TUR,Türkiye,Turkiye
21751,GBR,United Kingdom of Great Britain and Northern Ireland,United Kingdom
21752,USA,United States of America,United States
21756,VEN,Venezuela (Bolivarian Republic of),"Venezuela, RB"
21758,VIR,United States Virgin Islands,Virgin Islands (U.S.)
21759,PSE,State of Palestine,West Bank and Gaza
21760,YEM,Yemen,"Yemen, Rep."
21763,AFE,,Africa Eastern and Southern
21764,AFW,,Africa Western and Central
21765,ARB,,Arab World
21766,CSS,,Caribbean small states
21767,CEB,,Central Europe and the Baltics
21768,EAR,,Early-demographic dividend
21769,EAS,,East Asia & Pacific
21770,EAP,,East Asia & Pacific (excluding high income)
21771,TEA,,East Asia & Pacific (IDA & IBRD countries)
21772,EMU,,Euro area
21773,ECS,,Europe & Central Asia
21774,ECA,,Europe & Central Asia (excluding high income)
21775,TEC,,Europe & Central Asia (IDA & IBRD countries)
21776,EUU,,European Union
21777,FCS,,Fragile and conflict affected situations
21778,HPC,,Heavily indebted poor countries (HIPC)
21779,HIC,,High income
21780,IBD,,IBRD only
21781,IBT,,IDA & IBRD total
21782,IDB,,IDA blend
21783,IDX,,IDA only
21784,IDA,,IDA total
21785,LTE,,Late-demographic dividend
21786,LCN,,Latin America & Caribbean
21787,LAC,,Latin America & Caribbean (excluding high income)
21788,TLA,,Latin America & the Caribbean (IDA & IBRD countries)
21789,LDC,,Least developed countries: UN classification
21790,LMY,,Low & middle income
21791,LIC,,Low income
21792,LMC,,Lower middle income
21793,MEA,,Middle East & North Africa
21794,MNA,,Middle East & North Africa (excluding high income)
21795,TMN,,Middle East & North Africa (IDA & IBRD countries)
21796,MIC,,Middle income
21797,NAC,,North America
21798,INX,,Not classified
21799,OED,,OECD members
21800,OSS,,Other small states
21801,PSS,,Pacific island small states
21802,PST,,Post-demographic dividend
21803,PRE,,Pre-demographic dividend
21804,SST,,Small states
21805,SAS,,South Asia
21806,TSA,,South Asia (IDA & IBRD)
21807,SSF,,Sub-Saharan Africa
21808,SSA,,Sub-Saharan Africa (excluding high income)
21809,TSS,,Sub-Saharan Africa (IDA & IBRD countries)
21810,UMC,,Upper middle income
21811,WLD,,World
21825,BHS,Bahamas,"Bahamas, The"
21835,BOL,Bolivia (Plurinational State of),Bolivia
21851,CHI,,Channel Islands
21856,COD,Democratic Republic of the Congo,"Congo, Dem. Rep."
21857,COG,Congo,"Congo, Rep."
21859,CIV,Côte d’Ivoire,Cote d'Ivoire
21862,CUW,Curaçao,Curacao
21870,EGY,Egypt,"Egypt, Arab Rep."
21883,GMB,Gambia,"Gambia, The"
21898,HKG,"China, Hong Kong Special Administrative Region","Hong Kong SAR, China"
21903,IRN,Iran (Islamic Republic of),"Iran, Islamic Rep."
21915,PRK,Democratic People's Republic of Korea,"Korea, Dem. People's Rep."
21916,KOR,Republic of Korea,"Korea, Rep."
21917,XKX,,Kosovo
21919,KGZ,Kyrgyzstan,Kyrgyz Republic
21920,LAO,Lao People's Democratic Republic,Lao PDR
21929,MAC,"China, Macao Special Administrative Region","Macao SAR, China"
21940,FSM,Micronesia (Federated States of),"Micronesia, Fed. Sts."
21941,MDA,Republic of Moldova,Moldova
21951,NLD,Netherlands (Kingdom of the),Netherlands
21985,SVK,Slovakia,Slovak Republic
21993,KNA,Saint Kitts and Nevis,St. Kitts and Nevis
21994,LCA,Saint Lucia,St. Lucia
21995,MAF,Saint Martin (French Part),St. Martin (French part)
21996,VCT,Saint Vincent and the Grenadines,St. Vincent and the Grenadines
22003,TZA,United Republic of Tanzania,Tanzania
22010,TUR,Türkiye,Turkiye
22017,GBR,United Kingdom of Great Britain and Northern Ireland,United Kingdom
22018,USA,United States of America,United States
22022,VEN,Venezuela (Bolivarian Republic of),"Venezuela, RB"
22024,VIR,United States Virgin Islands,Virgin Islands (U.S.)
22025,PSE,State of Palestine,West Bank and Gaza
22026,YEM,Yemen,"Yemen, Rep."
22029,AFE,,Africa Eastern and Southern
22030,AFW,,Africa Western and Central
22031,ARB,,Arab World
22032,CSS,,Caribbean small states
22033,CEB,,Central Europe and the Baltics
22034,EAR,,Early-demographic dividend
22035,EAS,,East Asia & Pacific
22036,EAP,,East Asia & Pacific (excluding high income)
22037,TEA,,East Asia & Pacific (IDA & IBRD countries)
22038,EMU,,Euro area
22039,ECS,,Europe & Central Asia
22040,ECA,,Europe & Central Asia (excluding high income)
22041,TEC,,Europe & Central Asia (IDA & IBRD countries)
22042,EUU,,European Union
22043,FCS,,Fragile and conflict affected situations
22044,HPC,,Heavily indebted poor countries (HIPC)
22045,HIC,,High income
22046,IBD,,IBRD only
22047,IBT,,IDA & IBRD total
22048,IDB,,IDA blend
22049,IDX,,IDA only
22050,IDA,,IDA total
22051,LTE,,Late-demographic dividend
22052,LCN,,Latin America & Caribbean
22053,LAC,,Latin America & Caribbean (excluding high income)
22054,TLA,,Latin America & the Caribbean (IDA & IBRD countries)
22055,LDC,,Least developed countries: UN classification
22056,LMY,,Low & middle income
22057,LIC,,Low income
22058,LMC,,Lower middle income
22059,MEA,,Middle East & North Africa
22060,MNA,,Middle East & North Africa (excluding high income)
22061,TMN,,Middle East & North Africa (IDA & IBRD countries)
22062,MIC,,Middle income
22063,NAC,,North America
22064,INX,,Not classified
22065,OED,,OECD members
22066,OSS,,Other small states
22067,PSS,,Pacific island small states
22068,PST,,Post-demographic dividend
22069,PRE,,Pre-demographic dividend
22070,SST,,Small states
22071,SAS,,South Asia
22072,TSA,,South Asia (IDA & IBRD)
22073,SSF,,Sub-Saharan Africa
22074,SSA,,Sub-Saharan Africa (excluding high income)
22075,TSS,,Sub-Saharan Africa (IDA & IBRD countries)
22076,UMC,,Upper middle income
22077,WLD,,World
22091,BHS,Bahamas,"Bahamas, The"
22101,BOL,Bolivia (Plurinational State of),Bolivia
22117,CHI,,Channel Islands
22122,COD,Democratic Republic of the Congo,"Congo, Dem. Rep."
22123,COG,Congo,"Congo, Rep."
22125,CIV,Côte d’Ivoire,Cote d'Ivoire
22128,CUW,Curaçao,Curacao
22136,EGY,Egypt,"Egypt, Arab Rep."
22149,GMB,Gambia,"Gambia, The"
22164,HKG,"China, Hong Kong Special Administrative Region","Hong Kong SAR, China"
22169,IRN,Iran (Islamic Republic of),"Iran, Islamic Rep."
22181,PRK,Democratic People's Republic of Korea,"Korea, Dem. People's Rep."
22182,KOR,Republic of Korea,"Korea, Rep."
22183,XKX,,Kosovo
22185,KGZ,Kyrgyzstan,Kyrgyz Republic
22186,LAO,Lao People's Democratic Republic,Lao PDR
22195,MAC,"China, Macao Special Administrative Region","Macao SAR, China"
22206,FSM,Micronesia (Federated States of),"Micronesia, Fed. Sts."
22207,MDA,Republic of Moldova,Moldova
22217,NLD,Netherlands (Kingdom of the),Netherlands
22251,SVK,Slovakia,Slovak Republic
22259,KNA,Saint Kitts and Nevis,St. Kitts and Nevis
22260,LCA,Saint Lucia,St. Lucia
22261,MAF,Saint Martin (French Part),St. Martin (French part)
22262,VCT,Saint Vincent and the Grenadines,St. Vincent and the Grenadines
22269,TZA,United Republic of Tanzania,Tanzania
22276,TUR,Türkiye,Turkiye
22283,GBR,United Kingdom of Great Britain and Northern Ireland,United Kingdom
22284,USA,United States of America,United States
22288,VEN,Venezuela (Bolivarian Republic of),"Venezuela, RB"
22290,VIR,United States Virgin Islands,Virgin Islands (U.S.)
22291,PSE,State of Palestine,West Bank and Gaza
22292,YEM,Yemen,"Yemen, Rep."
22295,AFE,,Africa Eastern and Southern
22296,AFW,,Africa Western and Central
22297,ARB,,Arab World
22298,CSS,,Caribbean small states
22299,CEB,,Central Europe and the Baltics
22300,EAR,,Early-demographic dividend
22301,EAS,,East Asia & Pacific
22302,EAP,,East Asia & Pacific (excluding high income)
22303,TEA,,East Asia & Pacific (IDA & IBRD countries)
22304,EMU,,Euro area
22305,ECS,,Europe & Central Asia
22306,ECA,,Europe & Central Asia (excluding high income)
22307,TEC,,Europe & Central Asia (IDA & IBRD countries)
22308,EUU,,European Union
22309,FCS,,Fragile and conflict affected situations
22310,HPC,,Heavily indebted poor countries (HIPC)
22311,HIC,,High income
22312,IBD,,IBRD only
22313,IBT,,IDA & IBRD total
22314,IDB,,IDA blend
22315,IDX,,IDA only
22316,IDA,,IDA total
22317,LTE,,Late-demographic dividend
22318,LCN,,Latin America & Caribbean
22319,LAC,,Latin America & Caribbean (excluding high income)
22320,TLA,,Latin America & the Caribbean (IDA & IBRD countries)
22321,LDC,,Least developed countries: UN classification
22322,LMY,,Low & middle income
22323,LIC,,Low income
22324,LMC,,Lower middle income
22325,MEA,,Middle East & North Africa
22326,MNA,,Middle East & North Africa (excluding high income)
22327,TMN,,Middle East & North Africa (IDA & IBRD countries)
22328,MIC,,Middle income
22329,NAC,,North America
22330,INX,,Not classified
22331,OED,,OECD members
22332,OSS,,Other small states
22333,PSS,,Pacific island small states
22334,PST,,Post-demographic dividend
22335,PRE,,Pre-demographic dividend
22336,SST,,Small states
22337,SAS,,South Asia
22338,TSA,,South Asia (IDA & IBRD)
22339,SSF,,Sub-Saharan Africa
22340,SSA,,Sub-Saharan Africa (excluding high income)
22341,TSS,,Sub-Saharan Africa (IDA & IBRD countries)
22342,UMC,,Upper middle income
22343,WLD,,World
22357,BHS,Bahamas,"Bahamas, The"
22367,BOL,Bolivia (Plurinational State of),Bolivia
22383,CHI,,Channel Islands
22388,COD,Democratic Republic of the Congo,"Congo, Dem. Rep."
22389,COG,Congo,"Congo, Rep."
22391,CIV,Côte d’Ivoire,Cote d'Ivoire
22394,CUW,Curaçao,Curacao
22402,EGY,Egypt,"Egypt, Arab Rep."
22415,GMB,Gambia,"Gambia, The"
22430,HKG,"China, Hong Kong Special Administrative Region","Hong Kong SAR, China"
22435,IRN,Iran (Islamic Republic of),"Iran, Islamic Rep."
22447,PRK,Democratic People's Republic of Korea,"Korea, Dem. People's Rep."
22448,KOR,Republic of Korea,"Korea, Rep."
22449,XKX,,Kosovo
22451,KGZ,Kyrgyzstan,Kyrgyz Republic
22452,LAO,Lao People's Democratic Republic,Lao PDR
22461,MAC,"China, Macao Special Administrative Region","Macao SAR, China"
22472,FSM,Micronesia (Federated States of),"Micronesia, Fed. Sts."
22473,MDA,Republic of Moldova,Moldova
22483,NLD,Netherlands (Kingdom of the),Netherlands
22517,SVK,Slovakia,Slovak Republic
22525,KNA,Saint Kitts and Nevis,St. Kitts and Nevis
22526,LCA,Saint Lucia,St. Lucia
22527,MAF,Saint Martin (French Part),St. Martin (French part)
22528,VCT,Saint Vincent and the Grenadines,St. Vincent and the Grenadines
22535,TZA,United Republic of Tanzania,Tanzania
22542,TUR,Türkiye,Turkiye
22549,GBR,United Kingdom of Great Britain and Northern Ireland,United Kingdom
22550,USA,United States of America,United States
22554,VEN,Venezuela (Bolivarian Republic of),"Venezuela, RB"
22556,VIR,United States Virgin Islands,Virgin Islands (U.S.)
22557,PSE,State of Palestine,West Bank and Gaza
22558,YEM,Yemen,"Yemen, Rep."
22561,AFE,,Africa Eastern and Southern
22562,AFW,,Africa Western and Central
22563,ARB,,Arab World
22564,CSS,,Caribbean small states
22565,CEB,,Central Europe and the Baltics
22566,EAR,,Early-demographic dividend
22567,EAS,,East Asia & Pacific
22568,EAP,,East Asia & Pacific (excluding high income)
22569,TEA,,East Asia & Pacific (IDA & IBRD countries)
22570,EMU,,Euro area
22571,ECS,,Europe & Central Asia
22572,ECA,,Europe & Central Asia (excluding high income)
22573,TEC,,Europe & Central Asia (IDA & IBRD countries)
22574,EUU,,European Union
22575,FCS,,Fragile and conflict affected situations
22576,HPC,,Heavily indebted poor countries (HIPC)
22577,HIC,,High income
22578,IBD,,IBRD only
22579,IBT,,IDA & IBRD total
22580,IDB,,IDA blend
22581,IDX,,IDA only
22582,IDA,,IDA total
22583,LTE,,Late-demographic dividend
22584,LCN,,Latin America & Caribbean
22585,LAC,,Latin America & Caribbean (excluding high income)
22586,TLA,,Latin America & the Caribbean (IDA & IBRD countries)
22587,LDC,,Least developed countries: UN classification
22588,LMY,,Low & middle income
22589,LIC,,Low income
22590,LMC,,Lower middle income
22591,MEA,,Middle East & North Africa
22592,MNA,,Middle East & North Africa (excluding high income)
22593,TMN,,Middle East & North Africa (IDA & IBRD countries)
22594,MIC,,Middle income
22595,NAC,,North America
22596,INX,,Not classified
22597,OED,,OECD members
22598,OSS,,Other small states
22599,PSS,,Pacific island small states
22600,PST,,Post-demographic dividend
22601,PRE,,Pre-demographic dividend
22602,SST,,Small states
22603,SAS,,South Asia
22604,TSA,,South Asia (IDA & IBRD)
22605,SSF,,Sub-Saharan Africa
22606,SSA,,Sub-Saharan Africa (excluding high income)
22607,TSS,,Sub-Saharan Africa (IDA & IBRD countries)
22608,UMC,,Upper middle income
22609,WLD,,World
22623,BHS,Bahamas,"Bahamas, The"
22633,BOL,Bolivia (Plurinational State of),Bolivia
22649,CHI,,Channel Islands
22654,COD,Democratic Republic of the Congo,"Congo, Dem. Rep."
22655,COG,Congo,"Congo, Rep."
22657,CIV,Côte d’Ivoire,Cote d'Ivoire
22660,CUW,Curaçao,Curacao
22668,EGY,Egypt,"Egypt, Arab Rep."
22681,GMB,Gambia,"Gambia, The"
22696,HKG,"China, Hong Kong Special Administrative Region","Hong Kong SAR, China"
22701,IRN,Iran (Islamic Republic of),"Iran, Islamic Rep."
22713,PRK,Democratic People's Republic of Korea,"Korea, Dem. People's Rep."
22714,KOR,Republic of Korea,"Korea, Rep."
22715,XKX,,Kosovo
22717,KGZ,Kyrgyzstan,Kyrgyz Republic
22718,LAO,Lao People's Democratic Republic,Lao PDR
22727,MAC,"China, Macao Special Administrative Region","Macao SAR, China"
22738,FSM,Micronesia (Federated States of),"Micronesia, Fed. Sts."
22739,MDA,Republic of Moldova,Moldova
22749,NLD,Netherlands (Kingdom of the),Netherlands
22783,SVK,Slovakia,Slovak Republic
22791,KNA,Saint Kitts and Nevis,St. Kitts and Nevis
22792,LCA,Saint Lucia,St. Lucia
22793,MAF,Saint Martin (French Part),St. Martin (French part)
22794,VCT,Saint Vincent and the Grenadines,St. Vincent and the Grenadines
22801,TZA,United Republic of Tanzania,Tanzania
22808,TUR,Türkiye,Turkiye
22815,GBR,United Kingdom of Great Britain and Northern Ireland,United Kingdom
22816,USA,United States of America,United States
22820,VEN,Venezuela (Bolivarian Republic of),"Venezuela, RB"
22822,VIR,United States Virgin Islands,Virgin Islands (U.S.)
22823,PSE,State of Palestine,West Bank and Gaza
22824,YEM,Yemen,"Yemen, Rep."
22827,AFE,,Africa Eastern and Southern
22828,AFW,,Africa Western and Central
22829,ARB,,Arab World
22830,CSS,,Caribbean small states
22831,CEB,,Central Europe and the Baltics
22832,EAR,,Early-demographic dividend
22833,EAS,,East Asia & Pacific
22834,EAP,,East Asia & Pacific (excluding high income)
22835,TEA,,East Asia & Pacific (IDA & IBRD countries)
22836,EMU,,Euro area
22837,ECS,,Europe & Central Asia
22838,ECA,,Europe & Central Asia (excluding high income)
22839,TEC,,Europe & Central Asia (IDA & IBRD countries)
22840,EUU,,European Union
22841,FCS,,Fragile and conflict affected situations
22842,HPC,,Heavily indebted poor countries (HIPC)
22843,HIC,,High income
22844,IBD,,IBRD only
22845,IBT,,IDA & IBRD total
22846,IDB,,IDA blend
22847,IDX,,IDA only
22848,IDA,,IDA total
22849,LTE,,Late-demographic dividend
22850,LCN,,Latin America & Caribbean
22851,LAC,,Latin America & Caribbean (excluding high income)
22852,TLA,,Latin America & the Caribbean (IDA & IBRD countries)
22853,LDC,,Least developed countries: UN classification
22854,LMY,,Low & middle income
22855,LIC,,Low income
22856,LMC,,Lower middle income
22857,MEA,,Middle East & North Africa
22858,MNA,,Middle East & North Africa (excluding high income)
22859,TMN,,Middle East & North Africa (IDA & IBRD countries)
22860,MIC,,Middle income
22861,NAC,,North America
22862,INX,,Not classified
22863,OED,,OECD members
22864,OSS,,Other small states
22865,PSS,,Pacific island small states
22866,PST,,Post-demographic dividend
22867,PRE,,Pre-demographic dividend
22868,SST,,Small states
22869,SAS,,South Asia
22870,TSA,,South Asia (IDA & IBRD)
22871,SSF,,Sub-Saharan Africa
22872,SSA,,Sub-Saharan Africa (excluding high income)
22873,TSS,,Sub-Saharan Africa (IDA & IBRD countries)
22874,UMC,,Upper middle income
22875,WLD,,World
22889,BHS,Bahamas,"Bahamas, The"
22899,BOL,Bolivia (Plurinational State of),Bolivia
22915,CHI,,Channel Islands
22920,COD,Democratic Republic of the Congo,"Congo, Dem. Rep."
22921,COG,Congo,"Congo, Rep."
22923,CIV,Côte d’Ivoire,Cote d'Ivoire
22926,CUW,Curaçao,Curacao
22934,EGY,Egypt,"Egypt, Arab Rep."
22947,GMB,Gambia,"Gambia, The"
22962,HKG,"China, Hong Kong Special Administrative Region","Hong Kong SAR, China"
22967,IRN,Iran (Islamic Republic of),"Iran, Islamic Rep."
22979,PRK,Democratic People's Republic of Korea,"Korea, Dem. People's Rep."
22980,KOR,Republic of Korea,"Korea, Rep."
22981,XKX,,Kosovo
22983,KGZ,Kyrgyzstan,Kyrgyz Republic
22984,LAO,Lao People's Democratic Republic,Lao PDR
22993,MAC,"China, Macao Special Administrative Region","Macao SAR, China"
23004,FSM,Micronesia (Federated States of),"Micronesia, Fed. Sts."
23005,MDA,Republic of Moldova,Moldova
23015,NLD,Netherlands (Kingdom of the),Netherlands
23049,SVK,Slovakia,Slovak Republic
23057,KNA,Saint Kitts and Nevis,St. Kitts and Nevis
23058,LCA,Saint Lucia,St. Lucia
23059,MAF,Saint Martin (French Part),St. Martin (French part)
23060,VCT,Saint Vincent and the Grenadines,St. Vincent and the Grenadines
23067,TZA,United Republic of Tanzania,Tanzania
23074,TUR,Türkiye,Turkiye
23081,GBR,United Kingdom of Great Britain and Northern Ireland,United Kingdom
23082,USA,United States of America,United States
23086,VEN,Venezuela (Bolivarian Republic of),"Venezuela, RB"
23088,VIR,United States Virgin Islands,Virgin Islands (U.S.)
23089,PSE,State of Palestine,West Bank and Gaza
23090,YEM,Yemen,"Yemen, Rep."
23093,AFE,,Africa Eastern and Southern
23094,AFW,,Africa Western and Central
23095,ARB,,Arab World
23096,CSS,,Caribbean small states
23097,CEB,,Central Europe and the Baltics
23098,EAR,,Early-demographic dividend
23099,EAS,,East Asia & Pacific
23100,EAP,,East Asia & Pacific (excluding high income)
23101,TEA,,East Asia & Pacific (IDA & IBRD countries)
23102,EMU,,Euro area
23103,ECS,,Europe & Central Asia
23104,ECA,,Europe & Central Asia (excluding high income)
23105,TEC,,Europe & Central Asia (IDA & IBRD countries)
23106,EUU,,European Union
23107,FCS,,Fragile and conflict affected situations
23108,HPC,,Heavily indebted poor countries (HIPC)
23109,HIC,,High income
23110,IBD,,IBRD only
23111,IBT,,IDA & IBRD total
23112,IDB,,IDA blend
23113,IDX,,IDA only
23114,IDA,,IDA total
23115,LTE,,Late-demographic dividend
23116,LCN,,Latin America & Caribbean
23117,LAC,,Latin America & Caribbean (excluding high income)
23118,TLA,,Latin America & the Caribbean (IDA & IBRD countries)
23119,LDC,,Least developed countries: UN classification
23120,LMY,,Low & middle income
23121,LIC,,Low income
23122,LMC,,Lower middle income
23123,MEA,,Middle East & North Africa
23124,MNA,,Middle East & North Africa (excluding high income)
23125,TMN,,Middle East & North Africa (IDA & IBRD countries)
23126,MIC,,Middle income
23127,NAC,,North America
23128,INX,,Not classified
23129,OED,,OECD members
23130,OSS,,Other small states
23131,PSS,,Pacific island small states
23132,PST,,Post-demographic dividend
23133,PRE,,Pre-demographic dividend
23134,SST,,Small states
23135,SAS,,South Asia
23136,TSA,,South Asia (IDA & IBRD)
23137,SSF,,Sub-Saharan Africa
23138,SSA,,Sub-Saharan Africa (excluding high income)
23139,TSS,,Sub-Saharan Africa (IDA & IBRD countries)
23140,UMC,,Upper middle income
23141,WLD,,World
